layer-sat configuration:
  from_initial: true
  start_turn: Black
  start: ---------------------------OX------XO---------------------------
  goal_source: --goal-file (result/thesis_layer_sat/lp_OK.txt)
  goal_count: 567
  check_symmetry: true
  parallel_goals: 15
  show_coords: false
  show_boards: false
  verbose: true
  out_dir: result/thesis_layer_sat
  dump_dimacs_cnf: false
  cnf_dump_only: false
  cnf_dump_dir: disabled
  sat_timeout_secs: 600
goal[1] OXXXX-XOXX--OOXOXOXOOOXOXX-XXO-XXO-XOXXXOOX-OO---OO-XXO--XOOO---
goal[2] -O-XXXOX-OXOXOO-OXXOXOX-XOOXX-OXX-XOO-OOXXO-OXOOXXOOOOOOXO-OOX--
goal[3] -OXX-XXXOOOX--OX-X-OOXOOO-XOXX-O-XOXXXO-XOOO-OXXXXOXX-O--OX-----
goal[4] XXOO-XOXXO-O-X-XXXOXXXOX-XOXO--X-X-OOOXO-OX-XOOO-XOOOX-OXOO-XX--
goal[5] O-X-XOOXOOO-OX-XOX--XXOXOX-XOXOXOOOXOX-OXOOOXXXO-OOX-OXOXO---XO-
goal[6] OOO--X-OXX--XXO-XOX--XX-X-OOOXOO-XXXOOOXXXXXX-OXOOXOXO-XO--OX-O-
goal[7] X-X---OXXXO--XX-XXXOXOOO-O-XXOOOOX-OO-X--OOXOX-OOXXX-XOXXOXX-O--
goal[8] ---OXO-XX--X-OOO-XOXOOX-XXXXXO--OXOOXXOO-XOX-OOXXOXXO-XOOXO-X---
goal[9] OOOOXOO--O-O-XOOOOXOO-XX-O-XX-XOXX-XOOOOXOOX--OXOXOOXOOXXXX-XOO-
goal[10] OXXXXOOO-O-OX---OXOX-X-O-OXXOOXXXXXXOXX--XX-XXOOXOOOOOXOO--O---O
goal[11] XOOO---X-OOOXXOXXXX-OXXXX-XOO-OO--XOO---OOOOOOO--XOOXXXXOOOOOX--
goal[12] -O-X-XOOXOOOOXOXOO--OX-XXOXOOOX-XXOOOO--OOXX-XXX-XOXX-XO-XXXX---
goal[13] XOO-X-O--X--XXOOOXXOOOOXOOXXX-O-O--OOX-X-XOXXXXOOXXOXXOX-XOX----
goal[14] O-XXXOOO-O--OXXX-XXOXXXOXOXXOXO-OO-XXOO-XOXOXOOOXOOOOXOXX-X-OX--
goal[15] OOOO-OOO-XXX-O-OOXXOOX-X-XOXXXXOXOXXO-XOXOXXX-OOO-XOOXOOOOOX-XX-
goal[16] O-O-XXOOOOXOXOOXXOXO-OXOXOXXOXXOOOOOXO---XO-OXO-OOXO--OO-XOX--O-
goal[17] OXO-XO-XOO-O-OXXOO-XXOXOXX-OOOOXOXOOXX-XOOXXXOXXOOO-O-XXO-OOX-X-
goal[18] O----XXXOO-XXX-OOOO-OX-O-OOOO--O-OOXXXXOXXOO-OOO-XXXXOO-O-X----O
goal[19] -XXX-XOXXXOO--XXOXXXOXXX-XXOOXOOOO-OO-X-OXXOXXXX-X-X-XXX-XX-----
goal[20] -OXXXOXXX-XOOOXOXX-XOOXOOOOXX-XO--OXX-OOOOXXOXOXO-X--XOOO----OX-
goal[21] OOO-OO-X-OX-OOOXOXOXO-OXOXOXOXOO---OXXOO-OXOOXOX-OOX-OOXO--OXXO-
goal[22] XXXXXX-XXXOXXXXXX-XOX-XXO--XOO-OO-OXXOOXO-OO-XOXXXXO-OXX-XO-XO--
goal[23] -XX-XO-OXXXOXOOOOOXO-XXO-XXOX--XXOXOOO-XOX-XOOXXOXOXX-XO-OXOOO--
goal[24] OOO-O-X-OOXOOOOOOXOX-XO--XOXOXXXXO-XOXOO-XXXXXXO-O-O-O-OXO------
goal[25] -X----OXOOXOOXXXXXOXOXXX-OOXOO-OXX-OXX-XXX-XXXOX-X-OXX--XXX--X--
goal[26] O-XOOOXOXXXOOOOO--X-XOOOOOOXX--OX-OOXOXOXOOX--XXOOOX-OOXOX--O---
goal[27] O-OOX-XXOOOOX-XXX-XOXOXXX-XOOOOX-XXXXXXXOXXOO-OOXO-OOOXX-O-XOO--
goal[28] -X-XOXXXOOOXX-XX-XOXO-OX-OOXOOXXOO-OXXX-XOOXOOXXXXO--XOOXXX--X--
goal[29] XXOXX-O--XOOXX-OO-XOX-XX--OOXOOXX--XXXOOXOX--O-XXXOOXXXXOXOOXX--
goal[30] O--XXO-OXXXOOOOOOOO-XXOO-OOXXOXOXOOOX-OO-XXOXXXOOXOX-XOXX--XOO--
goal[31] -XXXX--OO-XO-XO-OO-O-XXOOX-OXOOOX-OXXX-XX-OXO-OXXOOOOOOOXO--O-X-
goal[32] XOX-XOOOX-O-OOX-XXOXOOOX--OOO-O--OOXXO--XXXXOXXOXX-O-X-XXXOOXO--
goal[33] OOOXOO-XX--XOOXXX-OO-XXXO-XOXO--OOOXXO--XXXO-XX-XXXXX-XXO-XOOX--
goal[34] -O-O-OOOOOOOOX-O-XOXXXXOOO-OXXOO-OOOOOX-XOOOOO--OX-OOOXXXXXO-O--
goal[35] ---XXO----XX-XXX-OXX-OO-O-XXXOOO-XXOXOX-XXX-XOOX-OX--OOO-O-X----
goal[36] O--XO-OOXXXOXXXO-OOXXOXO-O-OXXX-XO-OXOXOOOOO-XXXXXO-OOO--XOOX---
goal[37] XX-XX-XXXXOOXXXOOXOX-OX-OO-OX-XXO-XXO-XOOXOXXXXO-X-XOOXXOX--XOO-
goal[38] OXXO-O--OOXXXOOOXXOO--O-OX-OOOO--XOOOOXOOXO-OOO--X--O-XO-XXX----
goal[39] OOOOOXO-XXXOOXX--X-O--OXXOXXOOOOO--XOOOOO-XOXX-XOXO-O---O-X-OX--
goal[40] OXXOOOOOOOXXOOXOXOXOX-X-XO-XOOOOXXXXOX---XXOXXX-XXXXXOOX-XXXOX--
goal[41] XXOOXX-XOXOOO-XO-OXXXOXXXO-OXX-XO-XXXO-XXOXOXXOOX-O-X-XO-XOX-O--
goal[42] XO-XXXO-XXXXOXOOOXOOX-XOO-XXXXXXXXOOOXXOXX-XXOO-XXX-X-OO--XO-X--
goal[43] X-XOX-OOXXOXOXXOO-XXX-OOOXOXXXOXX--XXXX-X-XOOO-XOOOO-XOXXOOXX--O
goal[44] OXX-OXXXXXXOX-XOOXOXO-OX-O-XOXOXO--XO-OXOXXOXXXXOOXO-OXOOX--O--X
goal[45] OXOOOO-XOOXX-XXXO--X--OX--OXXOOXXOOXXX--O-XXOXXOOOO-O--XXOXXO---
goal[46] X-O-XOXXOOOXXXXOOXO-XOO-O-XXX-O-OXXOXOXO--OO-XOXXOOOXXXXOOO-X---
goal[47] OOXX-OOXOOX-XXX--OO-OOOX-OXOXOOXOX-XOXXX-OOX-XOO-OO-XOOXOXXXXO--
goal[48] OXO-XOO--OO--XOOOXXX-OX-XXXOOOXO-XXXXOO-XOXOOXXOOXOXX-XX-OO-O---
goal[49] OXXX--X-XOOO-OXOXXOX-XO-XXOOOXOOOX-XXX---X--OOO-OXXXOXXO-XO---X-
goal[50] OOOO--OO--OX-OXOX-XOOX-O-X-XOOOOOXXXXOXOOOOOX--OX-OXXX-O--XOXX--
goal[51] XOX-XX-XXXOOOOXOXO-XOOX-X-XXO-OOX-OXXOXOOOOXOOO-XXOXOOOX-OXO--O-
goal[52] -XXOOOO--OO-XXXXOX--X-XXOXXOX--XX-OXOOXOXXO-XOOOXXXXOOX-XXOXX---
goal[53] XXX---OOXXXXXXOXOX--XO--OX-XOX---OXOO-XX-XXO-OOXXXOOXXXXOXX-X--X
goal[54] X-XOX-XXOOXXXXXOOXOOXXX--OXXXOX-OOOXXXOX-XX--XXOXXO-XOOOXOO--O-X
goal[55] OOO-XXXXXOOXOOXOXO--OXXO-XOXXOXOO-OOXO-XOXO-OOO-OOO-XXXXXO-X----
goal[56] -OOO--O-XO-XO-OOOXX-XXXXOOXOOX-XOXOXOOOO-XXXXXXOXO--XOOXXO---X--
goal[57] XX-O--X-OOX--XXOOXXX-XOOXO-XXOOOO-OOO---OOX-OO-XOO-OXOXOOXO-OX--
goal[58] OX-OOOOXXOO-OXOXXXXXXO-X-XXOOOO-XOOOOOXO-OO-X-XOXOXO-XOOOOOOO-X-
goal[59] OOO-XXXO-OO--OOXOXXXXOX--OXXOOXOOXXXXXXO--XX--OOOXOXO--OXXOOO---
goal[60] X-XXO-XXX-XOOOXOXX-OOOOXXOOXOX-XXOOOX-OOOX-XX-XO-XXOOX-O-OOXX---
goal[61] XXXX--OXOOOOO-XOXX-XOXXO-XXXOOO-OO-XOOOOO--O-OO-OXXXOXOOXXXX-O--
goal[62] OO-OOX-XXXXXO-XXX-OO-XXXXXOOOXX--XXOOXOOOOXXO-OXOXXXO-XXOX-OX-X-
goal[63] -OOX-O-XX-X-XOXOOXXXXOXXXOOXXX-X-OXXO-XXXXXOOXXXXXXXO--XXO---O--
goal[64] -OXXOXX-OXOXX-XOOO--XXXOOO-XOOXOXO-OOX-XOOX-OXXOOX-OOOXOXO-O-O--
goal[65] XXX-OXXXOXOOXOXX-XOXX--O-OOOX-O--XOOXXO-OOO-XXXX-XXO-X-OOOXOOX--
goal[66] OO-OX-XOOOO--XXXOXXXXOOXXXXXOX-X-X-OOXX----OXX-O-OXOOOXXOOO-XO--
goal[67] OXX--XXOXOOXOOXXXOOXXXXOXX-OOO--XOOXOXO--OO-OO-OOX-XOXXXXO-O--OO
goal[68] XXO-XXXXXX-OXOO-OXOOXOXXOXOOOOOXXXXXO-OOO--XXO-XO-XO-XXXOXXX-XO-
goal[69] XXXXXXX--XOOXO-OXOOOOXOOXXOOOXOOOXXXO-XXOOXO--XOOXX--OOOOO--OXO-
goal[70] XXXXX--X--XXOXXX-OOO--XXXX-OXOXXXX-OOOXO-OXXO-O-XXOOOXOOOXOO-O--
goal[71] X-OX-OOOXOOX-OO-OXXOXOO-OXOOOX-OXOXXOXO-OX-OXOO-OOXXXXOX-O-XXX--
goal[72] X----OX-OXXOOO-OOOXOOXXOO-XOX-OOOXOXO--XX-XOOX-XXOO-OOXXX-XOXX--
goal[73] -XOXX----OOXXOXOO--OX-O-OXOXXXXOOXOXXOXOOOXXOXOXX-XXXXXO--X-X---
goal[74] XO-XO-XOXXXXXXO-XOXO-OXX--OOXOXX-OOOOO-OXOO-XX--X-OXXXOOX---O-O-
goal[75] XOOOOO--OXOOOXO-O-XXO-XO-OOXOX-OXXOOXOXXOXX-XOOXOXOO-X-XO-OOX---
goal[76] O----XOOXXOOOOXO-XXXXOXO-OXOOO-OO-XOOXO-XXOXOXXOXOXOXX-XXXXXX---
goal[77] XXXOO---OOXX-OXX--OXOOO-O--OO-XOOXOXXX--OXO-OOXO-OOX--XXOXOO----
goal[78] OOXX----OOXOOXX-OXXO-X-OXXXOOXO-XXOXXXO-OOXOXXXXXOOXOO-O--O-----
goal[79] XXXOX-X--O--OXXOOOXX-OXO-XXXOO-OOXOXXXOO-OXOX-O-XO-X-XOOO-OXX-X-
goal[80] -X-OXX-OX-O-XXXOOOXOOXOXX-OXX---XXOXOOXXOOX-XXX-OOOOOO-XXX-X--O-
goal[81] X-XX--O-OOXXOXOO--XXOOOOXOXXOO-OXXXOOXX-OXO-O-XX-OXOOXXOOX-OX---
goal[82] -OXXOOXOOXO-OOOOXXXOXXO-OXOXXOOOOOXXXO-OXX-XXOOXXOOXXXX-X-O-X---
goal[83] OOO-XOOOXXO-XOXOO-XXXX-O-OOXXO---OOXXOXXO-XXXOOXXOXOO-OXXXOOOO--
goal[84] -XO-X-OX--X-OOOXOXOXOXXXO--OO-OOOOXOXOO--XXOXOOX-OO-O-OXOX-XO---
goal[85] XXXOOXXOOXOOXOO--X-XOXOO-OOXOO-O---XXXOOOOXX-OOOXXX-XXXXXXOOO--X
goal[86] XOO-XOOOOOXXOOO--XXXX-OOOX-OOOXX-OXOX-X-X-OOOO-X-X-XXOOXOOOXX--O
goal[87] XOOX-OOXXXXOO-XOOOO--XXOOOOXOOXOOOOOX--O-XOOOOOO-XO-OXXXXXOOX---
goal[88] -X-OOXX-OOXXOX-XOO-OXXXXXXXXX-OX-XOOOXXXO-O-OXXO-O-XOXXXX-OO-X--
goal[89] X-OX-X-OXXX---XOXXX-X-OOOOOXX-XXOX-XXOOO--OX-XOOOXOXXXXOX-O-O--X
goal[90] XOX-XXO-OXO-OXO-XOXOX-XX-OOXXXXX--XXOOOX--OXXOOX-OX-OXX-O----X--
goal[91] -O-O--O--XXO-O-XOXOXOXOXX-OOXXXOX-XXXXOOOOXXXX-XOXX-XOO-XOO-XO--
goal[92] X-OOXX---O-O--X-OOXX-O-XX-OOX--XXO-XOXOXXOO-XO-O-OXXXOOO-OXO-O--
goal[93] OX---XXX-O-X-XOXXOOO-XO--X-XOOOXOXXXXXXXOXXX-XOOXOXXO-OOXO--XXO-
goal[94] --X-X-OX---X-XXXO---OOOX-O-OOOXO-XXXO-XOOOX-XOXO-OXO-XXXXXO-O---
goal[95] OOOO-OO-OX--XXXOXXOOXXXOXOXXX--O-O-OOXOO-OOOXOOXXOXXXO-XXXOO-O--
goal[96] XXOXX--X-OXO-OXX-OOX-OOXXXOOOXOOOO-XXOX-XXXXOO-X-OX--XXOO-XXXX--
goal[97] XOX---O-XOOOO-OOXX-XOOOX--XOOOO-X-OOO-OX-XOXXXOOOOXOX---O---XX--
goal[98] -XOOOXOO-OXOOOOXOXO--OOX-XXOOXOXOOOOXOOOXO--OO-OXX-XOOOOXX-O----
goal[99] XO-XOOOXXOXO--X-OOXXXOOXOO-XOXO-XXXOOO-O-XO--OXX-XX-OOX-XXXO-O--
goal[100] OOX-XXXXOXXOOXOOX-OOO-OX-XOOX---XOXXOXOX-OOOOOOOOOO-OOO-XXO----O
goal[101] X--OX--OOXX-XXO-XOXOXOO-XOOXX-X-XX-OXXXXOXXXXXX--OXOOOXOOXXXO---
goal[102] -O--XXO--OXOOOX-XXOXXXOXX--XO-XOXXOXOXOXOOOOX-X-OXXOOOXXXXX-OO--
goal[103] OO--OOXXOOXXX-O-OXXXOXOOO-OXX---O--XO-O-O-OX-XXOOXXXOXOXXXOXXO--
goal[104] O-XXX-XXXO-OXOX--OOXXOOOXXOXXOOXOO-OOXXX-X-OX-XO-XO-XO---O--X---
goal[105] -XOX-OXOXXXO-XX-XX-XOOOOXO-XXO---XXOXXX---OO-OOXXOXOXOOOO-X-XX--
goal[106] -OXX--XXXOO-XOXXXOOXOO-OOXXOXX-O---XOXO---X-XXXXOOXOOXOXX--OOO--
goal[107] OX--O--OXOOXO-OO-XXOXO-OX-XOOO-OOOXOOOXXOXXXO-XXO-XO--OX-OXX-OX-
goal[108] -XXXOO-XXXOOXOXOOXOO-OOXOOOOOX-XO-XXXXO-OXXX--XOXX-OXXX-X----X--
goal[109] OXOO-XXXXXXOOXXOXXOOO--XOOOXO--XXOOXXOX-X-XO-OX---XX-OOX-OOOO---
goal[110] O-OX--X--OX--XOO-OO-OOO-XOXOOOX-X-OOXOOOOXXOXOXX-XOO-X-XXOX---X-
goal[111] XXOOXO-XOXO-XOOX-OO--XOO-XOOXOXXXO-OOOXXXX-O-XXXOOXOXOXOXXX--XO-
goal[112] XO-XX--OXOOOOOOXXOOX-OOXOO-OXOXX-X-OX--OXXOXOOXOXOOXX-XOOXXX-X--
goal[113] OOXXXOOXOOX-X--XOO-OXOOXOXXOXX-X--XOO-OX--XOOOXX-OXOOOOOOX--OOX-
goal[114] -OOXXXOOO-XXOXOOO-OX-OXOOX-XOOOOOOOXOX-XOOXXX-XOOOOOOX-OXOOXX---
goal[115] XX-X--OXOXXXOOOO-XX--XXOXXXXXXXOOO-OX-XOXXOOX--X-XXXOXXX-O-O-X--
goal[116] XXXOOOXXOOX-XOOO-XOXOO-OOO-OXXOOOOXXXXXOXOXXOOOXX-OOXXX-XXOO-X--
goal[117] OX--OO-X-OOOOXX-XOX-XXOXXOXOXOXXOXOXO-X--XXOOOX-OOOO-XXXXOO--X--
goal[118] X-OOXX--OO--O-OOOOOO-OO-O-XXXXO---OOXOX---OXO-OXOOXOOXOOXXO-----
goal[119] XOOOXXOXOXXXOXX-X-XO-OXX-OXXXXXXOXOXOOXO-XXOXO-OOO-XXO-OO-OOOO--
goal[120] O-XXXXX-OOOOOOXOXOOX-OXOOO-XOXOXO-XXXXXXXOOXXXXXXO-OOX-XXO--X-O-
goal[121] -XXX--OXOOOO-OXOOOXXOO---O-OXO--OOXOXO--OOXXXOXOOOO-XXXX-X--XX--
goal[122] X----OXXX--XO-X-XXXOOXXOXXOXXX-OX-XOXOXOOXX-XOXOXX-O-OXXX-XXXXX-
goal[123] O-----O--OOXOXXOXXOXOXX-OX-OOOOX--OXOXOO-OOO-OOO-O-OOOXOO--O-O--
goal[124] OXXO--OXOX-X-OOXOOXOXO-OX-OXO-XOOO-OOXOOO-OXO-OOXX-OXOXXXXOXX---
goal[125] XOXX-O-OXOXOXOOXXXOXXX-O-O-OOXX--O-OXX-XOXOXOO-OXOO-XXOOXXXO-O-O
goal[126] X--XXXXXXO-OXXOOXXXX--OOOOOXXO-O-O-XX-OXXXOXXXXOOOX-XOXOXO-X---X
goal[127] -XO----XXXXOXXXOXXOXXXXO--XOXXXO-OXOXXX-XXO-XOXXX--XOOOXXXXOOX--
goal[128] XOOO--OXOOOXOOOOXOOOOOXO--OOX-OOOX-OO-X-XOXXXOXX-OXXXOO-OX-XX--O
goal[129] -X--XO-XOOOOOX-XX-OO---XXXOXO-OOXX-XXXXXX-OX-OOXXOOXXOX-OOOX-O--
goal[130] -OX--OOXOXO-OOOOXXXOOO-OXXOXO-X----XXXXO-XXOXOXOXOXX-X-OOXO--X--
goal[131] XXOOO-O--OOO-XOXXXX-XOXXXXXXOXOXO--XXXX--OOX-XXX-XXXXOXOX-O-XO--
goal[132] O----X--OOOOX-OOXOOOOOOOXX-XO--OXO-OOXOX--XOOO-X-XOXX--XXXXXO---
goal[133] OOX--XXOOOXOX-O-OX-XOOO-XO-XX-OX-OXOOOOX-OX-OXXOXXOOOXOXO-X----X
goal[134] -OXXXX-OXOO-OXOXXOXX-O-O---OXXO-OX-XXOXX-OXOXXXOOOXXO--XXX-OXX--
goal[135] -XX-OOOXOXXOXXOOXXXOOX-XX-XOXOXXOX-XOXOOOOOOXXX-XXXXO---X---O---
goal[136] X---OO-XX-XXXXOXXXXXXXXOOXXOOX-X-OXOXX-X--XX--X-OXXXXXXXXXXO-O--
goal[137] XXXXOXX----O-O--XOO-OOO-OOXXXOOO-OXXOOOXOOXXX-OOOOXOOOX--O-OO---
goal[138] XOOO-XXX-XXOXOXX-OO--XXOOOXXOXXOOXOOOOX-OO-XXX-X-OO-OX--XXXXX---
goal[139] OX-X-OX-OX-X-OXOOXOOXXXOO-XXOO-X-XXOXXOX-OXX-OO-OO-O-OXOXOOOOO--
goal[140] OXO-XXX-XO-OOXOOXXO-XOOX-XOOO-OO-XXXXOX---XO-OXO-OX--XXXOXXX--X-
goal[141] XXX-OOO--O----OXOXO-XXOX-O-OOXX-XXXXXX-OOXO-OXXXXXXX-O-OXO--OX--
goal[142] X-OOOO-XXXXOXXXOX-OXOOX-OO-OO-XX-O-XX-XO--OXXXXXXXXO-XX-O-XOX--X
goal[143] XXXXXOOOO--XOXO-OOXOX-XOOX-XO-X--O-OXOXOOOXX--X--OOXXOXOXOX-XX--
goal[144] OOX-XX-OXXXXXXO-OOXO-OXOO-OOOXXX-OOXXX-XXOOX--OOXOXOOOXOXXOXXX--
goal[145] X---XXOXXX-X--O-XOOXXXOX--OOOXO-OOOXO-OO-OO-OOO-OXXXXXXXX-OX-X--
goal[146] -OOOXOOO-XOXO-XOOOXXOXXXXOOOOO--XO-XOOOOXX---OXOXOO-OXOX-OX-XX--
goal[147] O-OOOOX-OO--XOOOXXOX-XXXXX-OXO-XOOOOX-XXOXX-OOXX-OXOXXXX-OOOOX--
goal[148] OXX-XXXXXXX-OXO-XXOOOOXOOX-XOOOXOX-XXXXX--XX-OOXXOO--OXXOOO--O-X
goal[149] XOOOOOO-OX----O-OXOXX-XXOOXXXXXOOOOOOOXXXXXO-XO-OXOXX-OO-XX-----
goal[150] XOOOOOXXOO-OOXO--XO-OXOXXXOOOO-X-X-OOXOXXXOO-XXX-O--OXXOOOO-OXO-
goal[151] X-OO-OX-XOXOOXOXO-O-XOXO-XOXXXOXXX-XXX--XOOOOOOX-OO-OXOOO-O-X-X-
goal[152] XO-OXO-OXX-XX-O--XXXOOOOXOXOXXOO-OOXO-O-XX-XOOXXOXXOXOO---OO----
goal[153] OOOOO---XO-XXX-XX-XOOXOOXXXXOOXOXX-XOOXX--OXOOX-OOX-X-----XXO---
goal[154] OOOO-XXOX-O-O-OOOXOO-OX-O-OXOOO-XOXXOOX---O--OOXOXXX-OOOX-XXXX-O
goal[155] OXXXXXX-OO-OOXXOOXX--OOO-OOXOOO-O-OXOXOOXOOXOXXOOOXOX-OXO-O-----
goal[156] -OOO-O---OXOXOXOOXXO-OX-OX-XXXXX-XXOOO-XOOXXXXXXOOOOOXO-OXOO----
goal[157] -OOXO-OXXXO-OOOOOX-OXOO-XO-OX-O-XOOXOX-OXXXOO-OXXO-OOXXXO--OOX--
goal[158] XXXX-OXX-XOOX-OXOOXO-XOX-O-OOXOOXOOXXO-XOXXOXXOXOO-XOOOXXO-OXO--
goal[159] -O-XOOOOXOXOOO-X-XXXXO-XOXXXXXXOXXXOO-OOXOXOOXX-OX--OXOOX--XO-O-
goal[160] O-O-OOOOOXOOOOXOOO-X-XOX-XOXXO-X-OOXXOOO-XXXO-XXOOXOOXXXOOOXXO--
goal[161] XO-OXXXX-OXXXOXXXOOX-XO-XXXXOXXO-XXXX-OXXXXXOX-XOXXO-OXX-OXXO-O-
goal[162] XXOXXX-O-X-XXXXOXXOXX-OOOOXOXOXOO-XOXX-OXOOOOOOOXX-X-XO-XOXXXX-O
goal[163] -X-XX-O-OOXOXOXX-OOXO-O--O-XXOXX-OXXXXX--XO-XX-OXOXXXXOO-OX-OX--
goal[164] XXO--XXO-X-XXOOOOXXOXXXXXO-OOOXOX--XO-OOXXXOXXXXXOOXOXXXO-XO-X-X
goal[165] XOOX-OOXXOOXXXXXX-XOXO-XOX-OX-X--OXOOXOOXOXXOOOXOOXX-OO-X-XX----
goal[166] XX---XOOX-X-XOXOXOOXXXOXXXOOOOXXOOOOOXOX-XXOX-OXOOXXXOXOOXX-OXX-
goal[167] XX-O-OXXOXOXOOOXOXXO-OXXOOOOXX-XOO-OOOXOXX-OXOX-OOXOOXOXOOOXX--O
goal[168] -OOXOOXXOO-XOXO-OX--OOXOOXXOX--O-OXXX--OOXOXOXXXXOXO-OX-OOX--X--
goal[169] -OXX-XXXXOXOXO--OXOOOOXXXX-OO-O--OXXOOO-OXO-X-XOXOOOX-OOXXOOOO--
goal[170] XXOXXXX--OO-XOOXXXOOOO-XXOOXO--XXOOOOOOO-OO--XXXXXOXOO-XXOOXXX--
goal[171] OOXXOOOO-OOXX-XOOOOX--OO-OXXOOOXXXOOO-XX--OOOXOXXXXO-XXXOOXXXOO-
goal[172] OX-OXO-XO-OO-OXOOOXX-OXXXOOXXOOXOXOOO--XOOO-XXXX-XOX-XXXOOXXO-X-
goal[173] X-O--OXXOOO-XOXX--OOOOOO-XXOX-XOOOOXX-XXOXO-XXXOO-XOOXXOOOOOOXX-
goal[174] X-OX-OOXXO--X-X-XXXXOXOXXOOOOOXXXO-OXXOOO-XXXX-XOXOOO-X-XO-----X
goal[175] OX-X-OOOOOXO--XXOXOXXXXOO-OXXXX--XOXOXXXX-X-OO--XOO-XOOOXXXXOX--
goal[176] OXXOOXXOOXX--XO-XXO-OO-XOOOXO-X--OOXXX-OXOO-XXXX-XOX--O--OXXX---
goal[177] XXXXOOX-OOX-XOOX-XX-X-O-XOOOOO-OO-OXOO-O--XOXXOXXXOX-XOX--OX----
goal[178] XOOOXXOOXOX-XXOXX-OO-XXXOXXOXXOOOXXOXXOOXOXOXX-XXXXXXXXXOOX-OXX-
goal[179] O-OXXOOX-OXOXOO---OXOO-OXXOOXOOX--OOOO-OO-XX-X--OOX--OX-OOOO---X
goal[180] OOOXO-XOXOOXOXOO-OX--XXX--OXOX-XXOXOOO-XOXOXXXXOXXOXO-XO-OXO-OX-
goal[181] OOO--XOXX-XOXOOX-XOO--OXXXOOXOOOXXOXO-XXXXOOXOX-OOXXOOOOXXOOXO--
goal[182] OX-XOX-XXOX-OOXX-OOOOXX---XXOOOX-XXOOOO-XXOO-XOXXO-XO-XOOX---XO-
goal[183] -OOXXXXOXOO-OOOXXOXXXOXOXO-XOXX-X--OO-XXOOOO-OOOXXXXOOOOXXX-XO--
goal[184] OOOOXXO-XXOXXOOXOO-OXOXO---XO--X--OXXX-XXOXO-OXXXXOXXXOXO-X-----
goal[185] O--XOO--OOX-O--O-XXXXXXOX-XOX-XO--OXOOXX--OXOXOX-XO-XX--X---XX--
goal[186] OX-OXXOX-XOOXX-XXXO-OXXXXOOOXX-X-X-OOXXX-XO-X--OOXOOOOXOX--OXXO-
goal[187] -OOOOO-XXOO-OOXOO-OOXOX-OO-XX--OXOOOXOOXOOO--OX-OX-OXX-OXXOX-X--
goal[188] -OOXXOXX--OO--OXO--O-OXXOXXOOXOOOXXXX-OXXXXOOOOXX-XOXOX--OX--X--
goal[189] O-XOXX--OXXXOOXOOOOO--OO-OOXX-OXOXOXX--XOOO-OXXOO-X-OOO---XOXX--
goal[190] OXXO---XXXXOOXXX--XOXXXOXXOOOX--OXOOOX-O-OO-OOO--OOOOOX-XXXX----
goal[191] X-OOXOOOXOOXOXXOO-XXXXXOXOOXO-XX-XXXOO-XXXXOOOO-XOO--OOXXXO---O-
goal[192] O-OOX-XOO-XOOOXXOXXOXOXO-OOOOOX-XXXXOXX-XX--XXX-X-OOXOOOX--X---X
goal[193] OXX-XXXXOOOXOOOOO-XX-XX--XXXX--XOX-XOO-XXXXO-OOXXXOOO-OXO-XO-X--
goal[194] OOOO-XOX-XXX-XO-XX-X-OOXXOXXOXOXOOXOOX-XXXOOXXXXXOXOX-XXO-OXOOO-
goal[195] OXX-OXXO-OXXXOX--XO-XOXXXXOOXXOOOO-OOO-X-XOXOOXXXXXO-XOX-X--OX--
goal[196] -O-OXX-OOXOXO-XOXOXO--OOXOOXXXOOXOOXOX-OXOOOXXXOX-XXO--O--OXXX--
goal[197] -XXXOOOOXXOX-OOOOOOXO-X--XOOXOXOOOOOXXOOOXXO--OOOOXOXXOOXXOXXO--
goal[198] X-XXX-OX-XO-OXOXXOOXOOOXXXXXXXOOXX-XX-XX-XO-O-OXOOOXXOOOX-XXO-O-
goal[199] O-X-OO-XOXOXXO-XXXXXOXXXX--XOXXXXXOXXOXXOOOX-OOX-XXXOOOOXXO-OOX-
goal[200] XXXOOXXO-XXX-OOXOO-XXX--XXXOOOX----XOOOXXOXXXO-XOOXXOO-XO-XXOX--
goal[201] -XOOXO-OOX--XOO-OXOOXXX-XXOOOXOXXOOXXOX---O-XOXX-OOOOO-OO-X-O-X-
goal[202] OOOOO---OXO--X-OO-OOOXO-XXXOOXX-XOXOOXXO-OXOXXXX-OOXXO-XO-OXO---
goal[203] XO-XXOOX-OXXXOO-OOXO-X-O---OXXX-X--OOXXOOOXO-XX--OOOOXOXXOOOOX--
goal[204] -OX--OOOXOOOXO-OXX-OOXO---XXOOOOOOXOXOX-O-OO--X-OOOOXOOXX-XX----
goal[205] X-OXXXOOXXXXOO-OXXOOO--OOOXXOX-OXOXOOXXXXX-OOXXX---O--XOOOOOOOX-
goal[206] XXXXXOO-OX--X-XXOXX-OOXO-OOXXOOOO-OXXOXXXX-XOXO-OXXXX--O--XXX---
goal[207] XXXO-X--OOOOO-O--O-XOOOXO-OXXXXO--XOOX-OOXOOOXOO-X-OOXOX-XOOO---
goal[208] X-OO-XOX-XXXXXOOXOX-XXO-O--OXO----XOOOOOXXXXXOOXXOO--X-XX--XXX--
goal[209] OOOXXXOOXOX--OXO-XXXX-XO--OOXXXOX--XOO-OOOOXXOXO-OOXOX-OXXO---X-
goal[210] --XXXXX---O-XX-----XXXOOXXXOOXOOOOOXO-OOOOO---XX-O-O--X--XO-----
goal[211] OO-XXO-XXOXOXX-XXOXXOXOX-XXOO-XXXXOXXXOXOOO-OX-XO-X-OOOOO-OOOO--
goal[212] -OXXXO--XXOOOXX-XXOX-XXOOOOXXXOXOOOXXX-XXOXOO--X-XO-OXOO-X-XXX--
goal[213] OXO---X-OOOOX-X-XOO-OXOXOXXXX-OOOOXXO-OXOX-OXOX-XOXXXXOO-OO-X---
goal[214] X-XXX-O-OX-XXOOOXOO-XXOOXXOXXXXOOOOOXXXO-OOOXXX-OO-XX--XOXXO----
goal[215] OOOO--OXO-OXO-OXOOOX-XOOXXXOXOXX-OXXOO--O-X-OO--XXOOXXOOO-O---X-
goal[216] X-OO---O-OOXX-O-OOXX-XOXX--XOXXXX-XXXXX-OOX-OO-XXXXOXXOO-OO-X-X-
goal[217] XXXX--OOXX-OOOXXXXOX-OXXOXOOXOO---XXOXOOOOXXO--OX-O-XOOO-OOX-XO-
goal[218] -OXXOOXOX-OOOXOXOXOOXXXO-OXXXOO-OOXXO-OOOO---XOOOXOXOXXXO--XXO--
goal[219] O--XXOO-XXX-OO-OOOOXO--OO-OXXOXOOXXXXXXOXOO-O-OO-XXX----XXXXO---
goal[220] X----X-XXXO-XX-XXOXOX-XX-XOXOOXO--XXOXOOOXX---XOOO---XOOOOXXOO--
goal[221] OXX-XXXOOOOX-XXOOX-OOXOOOXOXOXXO-OOXOO-OOO-OXXOO-OX-OOOO-XXX-X--
goal[222] -O-XOXXXXOXOOOOX-XXXOOXXX-XOX-XOXXOOO-XOX-X-XXOXOOXOXX----XXXO--
goal[223] XXXXXXO--O-OO-X-OX-OOOOXXOXOXXXXXOOXOOOXOXOXX-XX-OO-XXOXO--OOX--
goal[224] X---O-OOOOXOOXXX--OO-XO-OX-OXXO-OO-OOOOX-OXXX-OOOXOXXOXOXX-OOX--
goal[225] XXOX-O-OXXXOXO-OXO-XXXXOOOOXX-OXXXXXOOOX-XX--OOOOXOOXX--XXXX----
goal[226] OOOOOOO-OXO-OXXXOOX-O-XXX-OXO-O--OOXOOOOOXX--OXOXOO-XOXXXXXOO-X-
goal[227] O--XXXXXXOXXOX---XX--O-XXO-OOOOXXXXXX-OXXOO-OXXOOXOOOOOOXXOOOX--
goal[228] XX-XOOXXOOXO-XO--OXXOXX-OXOOOX-O-X-OXOOXXO-XXXOOOOXOO-X--OXX-O--
goal[229] O--X-O-XOXXO-OXXXXX--O-OXOXXXOOX-XOOO-OXXOOXXXOXXO-X-OOXO-XX-XO-
goal[230] --XXOO-XOX-OXOXX-O-XOXO--XOOOOOO--OXOOXX-OXO-OXX-XOOOXO-XX---X--
goal[231] O-OOOOOOOO----OXOXX-O-OXOX-OXOO-XXXOXOXXOXO-XOXXOXXO-XOOXXOXX--O
goal[232] XO-XO-OXOXOOXXXOOXX--XOXX--XXOX-O--OOOXOO-OX-OXOXOXO-OXXXXOO-OX-
goal[233] XOXXO-XX-XX--OXOXXO-XXXXOOXOXX--X--XOXXXXXOXX--OOXOXOXXX-XXOO-X-
goal[234] OOOXO-XOXOXX-OOX-XXOXXO-XXXOXXXXOO-XXOXOOXOO-O--XOOXXOO-X--X---O
goal[235] OOOXXXO-XXXXOOOOO-XXX-OO-O-XXX-O-OXXXXOOXXO-XOXXOXO-O-O-X--XXX--
goal[236] OX-OX-XO-X--OXOO-XO--XOO-OXOXOXO-XOXXOOXOOX-O--X-XOXX---XO--X---
goal[237] OXO--OXOXOXOXOXO-OXOXXX--XOOOX-OOOXOOXO-O-OXXXO-XOX---OOOXO---XO
goal[238] -OXXXOX-XOXOOXXXXXOXOO-XOOXXOOO-OXXOOXOOO-X---XOXXXX--OOXXXOOO--
goal[239] X-----OX-X----XXOXOOOOXOO--XXX-XO-XOOOX-XXX-XXXXXXXXXXXXX--X--O-
goal[240] X-XO-O---XOXOXXOXXXX-OX-XXOOOO-X--OXXOOOXOXOXXO--XX-X-OX--XX-O--
goal[241] XO-OX-OOXOX-OXOXXXOX-XOXXXXXX-XXO-OXX-OXXXXOOXOX-XOX-OXX-OOO----
goal[242] X-OXX-OXOOO-XXXX-XX--OXXXXOOOOX-XXXXO-XOOOOOOXX-O-XOOXXXOXXOX--O
goal[243] XOOX---X-OOX-OX--XOXOOOXOOOOO-X-O-OXOXOOOXXO--X-OXO-OXOO-X-O-O--
goal[244] XX-XXXX-OOXOO-O-OOOXOXX-O-OXOXOOOXXXO-XO-OXXXOOOXO-XOX--OXX-O---
goal[245] XX-O---OOXXO-X-OOXOXX-XO-XXOXOO--OXOOX-X-OXXOOOOXO-X-O-OXOOXXX--
goal[246] -OOOX-OXX-XXXXXOX---OOOOXOOXXXOOXXOXX-OXOXO-XXXX-OO-OXXXO---XO--
goal[247] XO-X--XOXOXOXOXOX-OOOXXXXXOOOXX---XOX-XX-XXOX-XO-OOOXXXOOO---XX-
goal[248] OO-XXXOOXXXO--OX-OOO-OXXOOOXX-XOOX-XXOXO-OO-OXO--OXOOX-OO--XXO--
goal[249] -XOOOXOO-OX---O-XOXX-XXOXXXXXOOXXO-OOX-XX-OXX-X-OOOOO---OX-XX---
goal[250] -OXX-XXOOOXXX-XO-OXXOOXX-O-XOXXOOOXOX-XOXOOO-OX--O-OOXO-XO-XX---
goal[251] O--XOXXX-OOOXXXO--X-OOXOOXOOO-XOXOXXXX---XOXXOOOXOX-XOXXOXOOX---
goal[252] O-O-XXOOXOXXOXXOOOX-OOXX-XXXO---X-XXXXOO--XX-XOO-XXO-OOOXOX-----
goal[253] OOX-XX-O-XOOOOXXX-XOXXX-OOXOXX-OOOXXO---OXXOOXXXXXO-OXOOXXX-OX-X
goal[254] XXXOOOOXOOX-XOO---XOOXXXOOXOO-XX-XXXXX-OO-OXX-XXOOOXOXXXXOO-XX-X
goal[255] XXX-OOO---OOX--O-OXOOOOX-X-OOX--X--XXXX-XOO-XOOOOXOXOOXXOX-OOX--
goal[256] O-OXX--OOOO-XXXOO-OX-XOX-X-OX-OOOXXXOOXOOXO-OOOO-X-X--XOXXO-X-X-
goal[257] X-XOX-X-OXXXXOXOOOXX-OX---OOXXX---XOOXOXO-XXXOOX-XXOXXXXXXOXXX--
goal[258] OXOO-OOXOXO-O-OXOXXO-OOXOXXOOOOXOX-XOXOOOO--OXXXO-O--O-XO--OXXO-
goal[259] XXX-X-OO-XXXOXOOXXOXXXXX---XXXOX--OXXXOO-OO-O--X-OOXOOX-O----X--
goal[260] XOO-X--OXOOOX-O-XXOOXXOX-X-OO-O-OO-XOX---XOXXOOOOOOXXOX-XO---X--
goal[261] -XO-XXO--XOXXO-OOOXXXO-O--XOO-XOOXXXXX-XXXXXOOXXXXOOXXXOO-OX----
goal[262] -OXXOX-OOOOOOOXX-XXX-XO--O-OOOXOXOXOOXOOXOOOXOO-O-O-OXXXOOO---X-
goal[263] O-XXXXO--OO---XXXOO--XOXXXOXOXXOOO-XOO---X-O-OXO-XX--OOX-X--O---
goal[264] OXOOX--XXOOX-OXO-OXX-OX-X-OOOOOOOXXXOXX--XXO-XXOOOXO-OXXOOXXX---
goal[265] -O--X--XO-OXOOOO-O-XOXXXOOXOX-O-OX-XO-OXOXOXXOOOOOOO-XO-O-OX-O--
goal[266] XXOO--XOXXOOXOXO--OOO-XOXX-OX-OOXXOXXXXXX-OO-XOO-XOXX--OXXXOXXX-
goal[267] X-OO-OXXXOX-OXXOX-O-OO-OOX-XOOX-OXOOXOOXXXOOXO-OX-X-XXX-X---XO--
goal[268] OOO-O--OXOOO-XOXOXXXXX---X-XXO-XXO-XXXXX-OXOXX-XOXXXXXOXOXX---X-
goal[269] OO-XOXXXXXXO-X--X-XXXXXXXXOXXO-XOOXOXX-XOOXXOO-OOOX--XXXXOXX-X-X
goal[270] OXOOOOOOOXOOOX-OOXOXX-O--XXXOOOOXOOXX-XXXXXXXO-XXXO--XXOXOXX--XO
goal[271] O-OXO-O-OOXOXOXXOO-X-XOXOX-XXXO-X-XXXXXX-XXX-XOXXXXOXXXOO-XOOX--
goal[272] X-OXO-OXXXX--OXXXXX--XXO-OXOXX-OXOOXOOOXOOXXXXXOXXO-XOX-XXX--X-X
goal[273] OO-X-XXXOXOXX-X-O-OOOOO--X-OOXXX-OOOOXO-OXXXXOX-XXXXXOOXO--XXO--
goal[274] XO---XXXXXOOOXXXXXX-X-OOXXXXOO-O--OXOXOXOXXXOOOXXOO-OXOOXOO-X--O
goal[275] OOOO-XOO-O-X-OOX-OX-OX--OO-XXOOOXOXOXOX-X-XOOXXOOXXXOOXOOOOX-O--
goal[276] X---OOXXXX-OXXOX-XOX-OXXOXOXOXOO-XOOX-OX-O-XXX--OXOOOOOO-X------
goal[277] OXOOOOOXXXOO--XXOOO--XOO-OOOOOOOXXOOXOOOO-OXXXXOXXOOXOXO-O-XOX--
goal[278] -OOO-XO-XOO--X-XXXOXOOX-XO-OXO-OXXOXXOO-OO--OOXXOXXOXXOOO-O-O---
goal[279] O--X-XOOOOOOXOOXO---XOX-X--OOXX-X-XXOOOOOOXXO-XXO-O-XOXX-OXXOX--
goal[280] -XO--XXOOXOXXXO-OXOOOX-OOOXXX-OOOOXXOX-XOXOX-OOXO-OXXOOXO-XO-O--
goal[281] XXXX-XXXXOOXOO--OO-XOOOXOO-OX-OXXX-OX-XOXXXOOXXO-OXX-XOOXXXOO-O-
goal[282] X-OXOOOOOO-XOXOXO-O-OX--X--XOXXXXOOXXXXOOXOXX-OXOO-OXOOXX-OO-OX-
goal[283] XX-O--O-OXOOO-OO-XOOO-XOX--OXXOOX-XOOOX-XX-OXXXO-OXOO--X-O-X-O--
goal[284] OOX-XXX-XXOOXO-OO-OOXXO-O--OOXXOX-OXOXOOXXXOXOO--OXXOX-OOO-XO---
goal[285] X-XO-XOXOXOO-OXO-XOXOO-X--XOXOO-OOXOOXOOOO--XX-XOOXO-OX-XXXX-O-X
goal[286] X-XXXXOOOOX-XXXOXXXXX-OOXXOOXX-XXO-OX-XXO-XXXX-XO--XX-OOOOXXXX-O
goal[287] --OO-XXO-OOO-XOXOOXOXXXOO-XXXOOO-OXXXOOOOOOXXXXXXX-XOOXXX--X-O--
goal[288] XXXO-OXOXO-XOOOXXXXOOXXXOXXOOOX-OXOOXX-OXXOOXOO-XXX-OOOXOO-OXX-O
goal[289] -OXOO--XXXOXXOXOOOOOOOXOO-OXOXOXOXOXXOOOX-XOO-XOXXOOXO-OXX-O-OO-
goal[290] XXXOOO-OOOXOOXOXOXOOXX--OXOXXX-XOOXXOXXOXO-O-OOOXXOOXOXX-XOO--O-
goal[291] OXXXXXXX-O--OXXXXOOOOXO-XOOXX--OXX-XO-OOOOOXXOOXO-OXXXX-OXO-X--X
goal[292] -XX--OX-XOOO-X-O-OXOOXXXOXXOOX--OOXOOXXX-XOXO-X-XXXXOOXOX-X-O-O-
goal[293] XO-XXXOO-OOXOXO-OOXXOXXOOX-XXX-XX--OXOOXXXOX--XOXXOOO----XOO----
goal[294] XO-OXXOXXXXXXXXO-OO-XO-OXOXXXXO-X--OXX-OO--XOXXOO-OXOXOXXXXX--OO
goal[295] O---O--XXXOXOOOXXXOO-O-XX-OOOOOOXOXOO-OOXOX-XXOOXXX--XXXO-OXXO--
goal[296] OXOOX-O--XXX-O--OXXXXOXOXXOXXOXOOX-XOXOOOOXOXO-OOO-XO----O--XO--
goal[297] XOOO-XX-XO-OXOXO-OXXOOOOXXOXXX-OXXOXXO-XXO-XOOOXXXO---OXXXX--XO-
goal[298] XXXXXOOXXX-X-OOOOXXOOO---XOXXOOXO-OXXX-XOXX-O--XOOXOOX-XOXXX---X
goal[299] O-O--OX-XOOO-XXX-XOXO-XXOXXOXOOXX-OOOX-XOO-XO-XXOXXOXOOO-XXXX-O-
goal[300] OOX---OXXXOO-OXXXXXXXXX-OOOXXO--X-XOOOO-XOOX-XXX-XO--OOXXO-OOX--
goal[301] -XXOXXXXX-O-OXX-XXOOXXOOO-OXOO-O-OXXXXXOOXXX--O--OX-XO-X--OOO---
goal[302] -XOOO-X--XO--OXXOXOO-OXX-X-XXXOXX-OXXXOX-XX--XXOOOOOO--XX---X---
goal[303] XXX-XXXXOXXXOX-O-XXOXXOOOXOXOOO---XXXO-XOOXX-OXOOXXOX-OOOXOOOO-O
goal[304] -O-XOO--OOO-X-XXXOXXXOXX-OOOXXOX-OXOOXO-OOXOXOOX-O-X-O--OOXXX---
goal[305] --X-XXXXXX-OOXO-XO-O-XXXXO-XXXXOXOOOXOO-OXXOOXXXOOOO-O-X--OOX---
goal[306] -OXOOOXXOOO---OXOX-OXOXXOO-OOOOXOXXOOO-XXXXO-XXO-XXXXXOO--X-O---
goal[307] ---OX-OOOX-OXOXOOXOOOX-OOO-XXOO-XOXOOXX-XXXXXXOX-O-OOOOO-OO-O---
goal[308] OOOOXXOO-X-OX-X--OOO-OO-X-OXXXO-XOOOO-O-X-OOOXOXXXXX-OXXX-X-O-X-
goal[309] O-X--XXX-OOXOOOXO-OO--O--XOXX-OXX-OOOOOX-XOO--XXXOOOXX-XOX-OX---
goal[310] O-XXX--XXOX--XXXXXXX-OOOO-XOOXX-OXXOXXOOXXX-OO-OXXO-XXXOXXX--XO-
goal[311] OOOOXXXOOX--XOO--OOX-OOO-XXOOXOO-X-XX--X-XXOOOOX-XO-O-XXOXOO-XO-
goal[312] --OOX--O-X-X-XXOX-XOX-XOOXOOX-XO-OXXXOOO-OXXOXOOXXX-OXXXO---XX--
goal[313] XXO-XO-OXXO-O-O-OOXOXOXXOO-XXXOXXO-XXXO--OOXX-XO-X-OOOXXOXXX--X-
goal[314] OOOOOXOOXOOOOXOO-XXOOO-OO-XOXXOOXOXXX-XXOXO--XOO-OO-XOXO-OO-OO--
goal[315] XO-XXX-OOXXXOOXOXOXXXXOOXOOXOO-O-XOXXOOOXXXXOO-X-X--OXOOOOOO-X--
goal[316] -OXOOX--XXX-OX-OOXX-OXXX--XXXOXX-OOOOXO-OOXXXXOXXXOX-XXOXXO--X--
goal[317] OOOOO--XOOXO--XOO-XOOOOOO-OOXOXOOOXXXXO-OOO-XO-OO--XXXXXOOOO--X-
goal[318] XOO-X-OXOXOOOOOOXOO-XOOXXXXXXOOXXOXOOO-XX-XX-OOOXOOO--X-XX--OO-X
goal[319] XXXOOXXOXXOOO-OX-O-OOXOX--XXXX-O-X-XOXXXO--OOXOXXOXOXOXO-XOOXX--
goal[320] XOXX-X-OOXOXOX-O--OXOO-O---XXXXOOOXOOX-OOOO-OOOXXOOXOOOXXOOOX--X
goal[321] OXXOOOXXXO-X-XX--OX-OOXX-XOOOO-OOXOOXXO-O-OOXOXXXOOO-XXOXOOO-X--
goal[322] OXX--X-OOOOOXOOX-XX--XXOXO-OOXOOXOXOOOOOX-XXOXOO-OOOXOOXO-XXO-X-
goal[323] XOO----X-OOOO-XXXOXXXX-XXX-XX--XO-XOXOOX-OOOXOOOXOO-----OOOX----
goal[324] OXXX-O-OOOOOOXOXO-OX-OXXOOOOXXXXOO-XO--OXX--OOXXX-OOOOX-X-XX-X-X
goal[325] XOXX-XO--OXOXXO--OOOXOXXXX-XOOOOXO-XOXXXXOX---OXXXXOXXOOXX-XOX--
goal[326] OOXOOOOX-OOOXOXOOOO-OO--OOXXOX---OXXXXO-X-OX-XXX-OOXX--OOO--XX--
goal[327] XXX-XOOOO-XOOOXOOX-OOXX-XOOXXXX---OXOXXOXXXOO-XXXX-OXOOOX-XOX---
goal[328] -XX----O-XXO---O-XXOOOOOOOXOX-XOOOXOOXOXXX-OXXXOXXXX---O--O-----
goal[329] X-OOXX-XXO---OX-OXXXOOOXOXXXOX-XOX-XX-OOXXXOOO-OOXO-OOOXO----OX-
goal[330] XXO--OOOXOXOXXX-XXX-XOXXX-OXX--O-XOOXOOOXXXXXXOOOXX-OOX-XX-XO--X
goal[331] O-XO-OOXXOXO-OXX-XOXO-XX-XXXOXOXXOXOOOOOOXO-XX-OOO-OXOOO-OO-O-O-
goal[332] -OXXXOOOOOX--XOOXOXOXO-O-OOXXOOO-OOXO-XOX-XXXXXX-XOOXXOXXXX-OX--
goal[333] XXXO-OOOXOX-XOOOXXX-OX-O-OXOXOOO--OOOXO-XXXXOOXXO-OXXO-X-X-O----
goal[334] OOOXOOO---O--X-O--X--XOX--OOXOXXXOXOX--OOX--OXXXXO-OOXXX-XOOO---
goal[335] OOOO-OOOOOXXOOXO-X--OXXX-X-XXXXOO-OXOX---XOXXXOXXOXO-XX-O-X--X-O
goal[336] XOX--X-X-OO--XXOXXXX-O-XOXOXXXOXO--XXXOXXX-OO---XOOOOOOOX--X--X-
goal[337] O--X-X-OXOXXX-OX-XXXOXX--XOXOOOO--OXO-XOXXX--OXOX--XXOXXX-XXX-O-
goal[338] -XOOOOXXOOX-OOOOX-OXOXOXXOOOX-O-XOOOOXXX-OOXXXXXXXXOXX-OOX-O-XO-
goal[339] XXXO-OOXXXX--OXXXXX-OOXOOO-OOXX-OO-OOOX-XXOXXOXOXOXO--OXXXO-OO--
goal[340] OXX-OX-OOO-O-XXXOOXOXOXXOXOXXXXO---XXOOO--XOXX-OXXXXOOOO-OOXX---
goal[341] O-O-OXXOOOOX-XOXO-XOOXX--OXXOXX--XXOOOXO-OXXOOXX-OO-O-OXXXXOO---
goal[342] XXO-O-XOXXXXOXO-XOOX-OO-XOOOX-X--OXXOXO--OXXXXO-OXXXXXOXXO-XOX--
goal[343] OOOO--X---X-OOXXOOOOOOXOOXXXXOX-OOXOXXOO-O-XXXOO-OXOO-OXOOOXXO--
goal[344] OXOO-O-OXO--OXXXXXXXOO-XX-OOX--XOXXOXXO-OXXOXOXXXOOXXO--O-OXX---
goal[345] X-X-OO-OX-XXXXOXXXXOXOO---XOOXOOX--XOO-XXXXXXXOOXOXX-XXOO--OOO--
goal[346] OXO--X-XOOOO-OXOOOXOXXOXOO-XX-X-OXOXXXXXOX-O-OOOO-XOO-X-OOOX-O--
goal[347] -XO-OOX-XXXOX-XOXOOX-OXO-X-XOX-XOOOOXOXX-X-XXXX-OOOXXX-O-OXXX---
goal[348] OXO---XXXXO-XXOX--XX--XXXXXOO-XX-OXOOXXXOOX-XXOX-OOO-X-XXXXXX-O-
goal[349] XOO--O-X-OOO-OO-OOX-XX-O-OXOOO--X-XXXXOOXXO--OOX-XX-----XOOOO---
goal[350] X-OO-XXOOOXOOXXOOOXXXOOOXOOXO-OXOO-OXOXXOXOO--OOXOXOXOOXX-O-XOX-
goal[351] O-OOOXOO-O-X--XXXXO--XOXOOOXXXXOXX-OXXXXXOX-OXO--XX-XXXXO-XXXX--
goal[352] -OOXXXX-XOOX-XXOXOXOXXXXO-XXOXXX-X-OX-X-OXOXOO-OXOXXXOO-OO--O---
goal[353] XXOXXXXO-XXX-OXXO-OOXXOXOX-OXO--XX-OOOXXXOOXOOXXXO-O-OOOXOO--X-X
goal[354] XXXXOX---OXXOXXXOX-XOXXXX-OOOO-OXXXOX-XXO-XOO--XXXOXXOOO--OOXX--
goal[355] -X-OOXXOX-X--OO-XOOXXOXXXOOOOXOOOO-XOOOXOXXOOXXXXX-OOXOXXOXX--X-
goal[356] -XXX-OOOOXO--OOOOXOXOOXO-X-OOX--OXOOOOXO--OOOXO-OXO-OOOOXO-OOX--
goal[357] OO--OOO--OXXXOXOO-OO-XXOOO-OXO-X-OOXOX-OOXO-OO-O-X-XXXOOX--XOX--
goal[358] OOO-XOO--XO-OXOXOXXOO-X-XX-OX-O--OOOXOO-XOXOXOOX-O-X-XOOXOX--X--
goal[359] OXOOOXXOXXOOX-OOXXOOXOXXOO-OXXX-OOXXXXOOXXOXXXO---OOOXXOXXXXXO--
goal[360] X-OO--XXOOXXXOXXO-O-XOO--XOXOXX-XOOXOXXO-XO-XXX-OXXO--XOXOOO--X-
goal[361] OOXX-OXXXOXXOOO-OXX--XXOOOXOO-XOO--OX-O-XOXO-OOX-XXXOOXOXXX--XX-
goal[362] OX--OOOXXOX-XOOXXOOOXOOXOXOOXO--XXOXOXOXXO---XOXOO--XXOX-OOXOO--
goal[363] OO--OX-OXXO-X--OXXOOO-XO-O-OXOXXOXXXOXOOX--XXX-OXXOXOXXOXXXOOX--
goal[364] O-OOOO-OOOOO-OO-OXXXXXOOOOOOOXXX-X-OXXO-OOXO-OXX-XXOXXXXXXOOOO--
goal[365] O-XO-OOXOOXOXXXXOXX--OXX-O-XOXO-OOXXO---OOX-O-O-XXOXXOXX--XXO---
goal[366] OOXXXXXXOOOXXOOOOXXXX-XOOXXXXO--XX-XOXOX-XXXOXOO-O-OOXXXO---OO--
goal[367] -XXXOO--XOXXOOXXX-XO-X-XX--OOXOOXXXOOXXOOXX-XOOXXX--XOXO-X-XXO--
goal[368] O-XO--OXXOOOO-XOX-OXOXXOXXOXO-OXX-XXXXXX-X-O-XXOXOXOOOOXXXXXX-O-
goal[369] XOXX-XXOOOXOXXXX-OX-OOOOX-XOXOOOOXOXXX-OX-XX-X-OXXXOOOOOO-XOX--O
goal[370] XOOX-O-XXX-OXOXO-XXXXXOOXXXOXOXOOOXOOXXOXXOOO-OOXOXXOX---OOOOO--
goal[371] -XO-OX-OXOO-OXOXO-XOXOX---XOXOOOOOXOXOXXXOO--X-OOXOOXXX---OO----
goal[372] XX-XOOO-OOX--OXXOXO-XO-XXOXOOX-XXX-OO-XXXOXXXX-OOOOXXOOOOOXOOO--
goal[373] XOX--XXOXOX-X-XO-OOXX-XO-OXXXOXO-OOXX--O-XXOXXXXXOXOOOOOXXXO-X--
goal[374] XOX-XXO--OOOXOOOXOOOX--X-O-XXXXO-OXXXOOO-XO-XXO-OOX-XOOXOX-OX-X-
goal[375] OXX-OO-XOX-XOOXO-XXXXOOOXOXXOOOOXXOXOOXXXOXXOOOXX-OOOXXOXOOXO---
goal[376] -XXOOXXXOXXO--X-OO-OXXX-OOOXOX-OXXOXOOO-XOX-XOOXXOXO-OOOO-X--XX-
goal[377] OX-XOOXX-O--O-X-XOOXXXO--OXOXO-OXXOXOXXO-XOXOX-XOX--OXOXOOO-O--X
goal[378] -XXXXXXXXXOXXO-O-XXXO-XO-X-OXXXOOXOOXXOXXOOXXXO-XXXX-OOOOXX-----
goal[379] XXXXXX--XX----XOXOO-OXXX--XXOO---XXXXX----XXOO--XXOOXXOO-XX-OO--
goal[380] X---XXXXOXXXX-X---OO-XXOOOXOXXXOXOXXXO-XOXOOOXOX-O--X-OOXXOX--O-
goal[381] XXOX-OOXOO-OOOOXOOO-OX-OOOOXO-OXX-OOOOXX--XO--XX-OOX-OX-OX--X---
goal[382] XOX-X-XX-XO-OOXOXOO-XXX-OXOXOO-XO-XOXXO-O-OOOXXO-OOO-O-OOOOX---O
goal[383] OXXO---OOOO-XXOOOXOX-XOOXO-OOX--X-XOOOXOOXOX-OXXXOXXOO-OX---XX--
goal[384] XXXOOXXXO-X--OXOOOOXOO--X-XXOOO-XXXOXO--OOOOXOX-O-XXOXOOOXXO-X--
goal[385] XOOXXXXOXXX--XXXOOOXXX-XXO-OXXX---XOXOXO-XXXOXXXXO---X-OOOOXX-X-
goal[386] OOOO-X-O-XO---OOOOXOOXXOOOOOO-XX-OXXXO-OOXXXOXXOXX-X-OXOX-XXX---
goal[387] --OOX-O-XXO-OXXX--OOXXOO--XXXXOOOOOXXXOOXOX-OXXOOX-XXXO---X--X--
goal[388] OOXO-O-XXOX-XOXOOOO-OO-X-XOXOOOX-XOXXO-OOOX-O--OXXXX---OX-X-X---
goal[389] OX-XO-XO-OXXOOXXX-OXOOOO-XOOXXOOXOOXOO-OXOOXXX-O-OO-OXXOXXXX-XO-
goal[390] OO-XOXXXXXOOXO--XXOOOOOX-OXXXO-O-XOOXXXOXXXOOO-O-XO-XOOOOXX-X-O-
goal[391] OOXXOOXXXXXX-XO-OOO--XX--OXOXOXOXOOOOX--X-XOXOOOXOXOOOOOXXXOX---
goal[392] --O-O-XXXOO--X-XXO-OXXXXOXOXXXXOOXOOOXOXO-XOXO-XO-XXX-OXXXX-----
goal[393] X--XO-XOOOXO-OO--OXOXOXXO--OXX--X-XOXO--OOOXXXXXOOXXOOOX-OOXO-O-
goal[394] OO-XXOOXXXOXXOO-OOX-XX-OOXXXOOXX-OXOOOXXOX-OXXOXOXOOOX-XOOXXXO--
goal[395] X-OOXX-X-X-XO--XXXXOXO-XX-OXXXXOO-OXXXXXOXOOOO-X-XX-OOO-XXOX-O--
goal[396] X--XOXXXOXXO-OOOOXX-XXOOXXOOO-XOX-XXXOX--XXO-OO-OOXO-OXOOX-X----
goal[397] OXO--XXXOO-O-O--XXOXXOXX-XOXO-X-OX-OOXO---OXOOXO-OOX-O-X--O-----
goal[398] OX-XXX-XOO-OX-XX-OOO-OOOXOXXXXOX-XOXOXOXO-XXX-OO-X-OOOOOXXOOOOO-
goal[399] O-X-O-XO-X-X--OOX-OOOOXOOXOOXXO-O-XXO---OO-XXXOOOXXXXXOOOOOOO-O-
goal[400] O-XO-XOX-XOOXOXXXOOOOXXXXOXXXXXOXO-OOOOOXOOX-OXXOO-XXOOOOO-----O
goal[401] OX-O---O-XOOXOXOXOXXOXOOXOOXX---OXXXOXOOXXXXXXX-X-XOX--X--OOO---
goal[402] -X--OX--XOXOOOOOOXXOOXOOXOOOXOOO-XOXX-OOOOXOX-OOXO-OXOXX--XO-X--
goal[403] -OOXXXOO-XXXO-OXX--OXXXX-XXOOOXXXOXOXXO-XXO-O-XOOXOOXX---X-X----
goal[404] XOX-X---OXOX-XOO--XXXXXXXX-OOOX--XXOOOXO-OO-OOX--OXX-OO-OOXX----
goal[405] -XXXX-OXX--OOOOXXXXOOXXOOXOXO-XXX-XOXXX-X-OX-OXXOOXXOXOXOX-O-X--
goal[406] OOO--OOXXXX-OXXX-OXOOXXOXXXXXO-XX-OXXOOXOXO--OOX-XXO-OXOOX-X-X-X
goal[407] XXXXOO-X-X-XOXXXOOOX-XOX--OOOOO--OXOXOXXOOOXXXX--OX---XOXXXOOO--
goal[408] OO-OXXXOXOOOXOXX--XO-XXXXOOXXXX-OXXXOOOXXOXXOOO-XOOXOXOOO-X-OO--
goal[409] O--XXX--OXOX-OXXO-OXOOOXOOXXOO-XXX-OOXXXXOXXOOXXXXO-XOX--X--OX--
goal[410] XX----XXXOXX-OOXXXXXXOXXXOXXOX--XO-XXXOOXX--XO---OXXXXXOOOOX---X
goal[411] OX-OXX-XOOX-OOXOXXXXOXO---OOXXXOOXXXO-X--XOOXX-XXOXX-X---O-X-X--
goal[412] OXXOOXOO-XO---XO-XO-X-OOOXOXXOOX--OOXX--O-OX-OO-OXOX-X-OOXXXOX--
goal[413] O-XX--XOOXXXXOOXXOXXOOO-XOXOOO-OXOOOXOO-O-OOXOOO-O-OXOOOOXXXO---
goal[414] O-OO-XOXXXO-XXXXOOOOOOOO-OOOOX--XOOXXOX-OOO-XOX-OOXOX-XOOXOOO--X
goal[415] XOX-X--XOXOXOXXX-OOX-OX-OXXXOOOX-XXXOX-X---OOOXOXXXXO-OO-OX--O--
goal[416] --XXOOOXX-OOXXXXOXO-O-XXOXOXOXXX-XXXXXOXXOX-XXX--OXXX--XO-OOO---
goal[417] OXXX--X-XXO-XXO-XXXXXOXXXO-OXOOXOOXXO-XX-OO-OX-O-XXXOO--XXX-O---
goal[418] OOOOX-OOOOOO-XOOOOO-OXXXX-OXOX---OOXXXXXOXOO-OXOOXO-XOX----OO---
goal[419] OX-XX-OO-XXXXXO-OXXXOO--OX-XOOOXOOOOOXX-OOOOOOO-XOOO-XXX-OOX-X--
goal[420] OOXXXXOXOOXOOOOOOOXOOXOX-O-OO-XX-OOOOOXXX-OOOOXOXOXXX-X-XXX-X---
goal[421] -OO-OOOOXOXOOOX--OO-XXO-O-XXO-XXO-XXOOOXXXXXX-XXXXOO-XXXOXX-X---
goal[422] OX-X-O---XXO-XXXXXOO-XXOXXXXXXX-XXOXXXOOOOXOXOOXO-XOOO--OXXXX---
goal[423] XO-O---O-XOXOOXOXXXXX-XOX--XOX-OO-OOOO-XOXXX-X-X-OOOXOXXO-X----X
goal[424] OOXXOXXO-OOX-XOXXOOO-OXO-XOOO--OX-XOX-OX-XXOXOXXXXOOOXXOX-OX-OX-
goal[425] -OOOX-O-XXOX-X--XOO-O-XXX-OXO-XX-OOXXOOO-OX-OXO-XOXX-XOOO----X--
goal[426] O--O--OO-OXO-OOO--XOOX-OXOOOOX-XOXOXXOXXX-XXXOX-XXO-OXXOXOX--X--
goal[427] XXXOO-OX-O-XX-XO-XOXOXOXXOXXOOOXOOOXOXX-OXXOXO-X-OXXXOOO-OO-OO--
goal[428] XXOOO-XX-X--XOXOXOX-XOOOXXXOO-XXOXXOX----XXOOXOOXXXX-XOOOOOOO--O
goal[429] OXXOXXO-XOX-XX--OOOXOXXX-OOXOXXX-OXOOX-XO-XOOOO-OXXOXOXOXX-X-O--
goal[430] XO-XXO--OXX-XO-XOXXXX-O-OXOXXOOOOX-XOXX--OOXOXOO-OXXXXOOOOX-XX--
goal[431] --OOOOXXOXO---O-OO-XXOXXOO-XXOO-OXXXXO-O-OX--OO--OOXOXOXXOO-XX--
goal[432] OOOXOOOOOO-XOOOOOOX--O---XXOOXO--OXOOXOOXOXOXOXOXXX-OO-OXO-X-O--
goal[433] -X-OOOX-OOOXOO-OOOX-OXOXOOOXOO-XOX-XOX-XOXO-XOOXOXOXOXX-OOOO----
goal[434] XO-XOX-OOXOXOXOOOXO-XO-OXOXXOOOXX-XOXXO---OXOXOX-OO---XXOO---XO-
goal[435] XOO--X-O-OXXOXX-O-OX-O-X--OXOX-X--XOOOOO-OX--XXOXXOXOXO-XOO-O--O
goal[436] OXO--XOOXOOXXOOOOOXOOOXXOO-OXXXX--OOOXXX-XOXOOOXOOOOO--O-XXOOX--
goal[437] XXXX-X-O-OOX-OX--XX-XXOXOXOOOX-OOO-XOOO-XOX-XXOOXXOX-XO-OX--X---
goal[438] -O--OXXOOOXXOXX-XXXX-OX-XO-XO-OXX-OOXOO--OXO-XX-XOXX-X-XO-O-OX--
goal[439] OXOOXXO-XOOX-X-XXXO-OOXO-XOOXO-O--OXXOX-XXOOOOOXXX-XOX-OX-OX-X--
goal[440] -OXOO-XXXXXX-OXOXOOOXOOX-XOXOOX--X-OO---OXOOXXOOXXO-X-O--OX--X--
goal[441] O----O-XO-X---OXOOOXOO-XXXXXO--O-X-XOO-OO-XOOXXOOOXXXOXOOOO--XX-
goal[442] -X-XO-O-XXOOOOXOXXXOXXX--XXOOXOO-XOXOOO-XX-OXOO-XXX-X-OOXO-OOO--
goal[443] XX-OOXXXOXX-XXOO-XXXXO-O-XXOOOX-X-XXXXXXXXOX-OX--XXOXOXXOX-----O
goal[444] XOOOXOO-XOOO--OXOOOXXOO-O--XOOXOX-OOXXO-OOXOXXX-OXOXX-OXXX------
goal[445] XX-OXXXXXXX-X-X-XXOOOOO-OOXOOO--XO-XXOOO--XO-XXO-OXXXOOXOXX-X-O-
goal[446] XOXXXXX-OX-O-O-XOOXXXOOX-OXXOX-XXOOXX--XOOXOO-OX-XX-XXXOXOX--XX-
goal[447] -O---XOX-OO--XXOXO-XXOXX-X-OOXOX-XXXOXOXOOOX--OOXOXXOOX---OOO---
goal[448] OOOOO-XOOXO-XXOO-O-X-XXOOX-OOOX--OOXXOXXXOX-XXXXXOOO--XXOXXO---X
goal[449] -XOOOO-XOOOX--OXXOXX-OOXXXOXOO-XOO-OOXOXOXOOXX-XOOO-O--XO-OO-X--
goal[450] XOOOO--X-XOXXOX-OXXOOOXOOOOXO-OXXX-OXXOO--XOX-X-XXXOX--XOX-OX---
goal[451] -OXOOX-OXXOO-XOX--XXOXO-OOOXOXOO-X-OOO-OOOOO-XXX-OOO-OXO---O----
goal[452] OOXXOO--OXXOOOOX-XO--XOXXOXXXO-OOOOXOXXX-XOXO-OX-XOXXOXXOXX-OX--
goal[453] --XOOOO-OOXOXXXOO-O-OXXOOXOOXXO-OXOXOOXOOOOXO-OOO-XX-XO---XO-O--
goal[454] O--X---X-O-OOXXXO-XOOXOXXOXXX-X--OXXX--XOOXOOO--OXXOOXXX--XOOX--
goal[455] X-OX-O-O-XOXXOOXOXXX-OOXXX-XOOOXXOOXOXOXOOX-OO-O-X--OOOOOOO--X-O
goal[456] -XOOXXXOXO---OX-XXOX-XXXOOXXOXOXXXOXXXXXXXO-XXXOXOO-OOXXXXOOX-X-
goal[457] OX-OX-XOXOXXO-OOX-XOOOOO-XXOXX-OOXOXOOXOO-X-XX-OXOX-XXXXX-----O-
goal[458] -OXO-X-OOOOXX-OO--OOOO-OXOXOOOXO-OOOOXXOOOOXXXO-XOXOXO-O-X--XO--
goal[459] OOXXO--XXOOX-XX--XXOOOOOOO-XXXX-XO-XOOO-OXO-OOOX-XXOX--OOX-OOO--
goal[460] X-X-O-XO-XXOXOOO-OXX--XO-OOXXOOXXOOOXXXO-OOO-X-OXOOXO-O--X-OOO--
goal[461] XXXX-XOXOOX--XX-XX-OXXX-XXXOOOOOO-OOXXO--OXOOOXOXXOO-OXXXOO--OO-
goal[462] --XXOXXXOOOXXXOXOO--OXOXX--OXO-XX-XOOO---XO-OOOXOOXOOXXOX-O-XO--
goal[463] O--O-O-O-OXXO-OOOXXXOXOOOO-XXXOXXXXXXOXX-XXOOOOOO-XOXOX-OOOOX---
goal[464] OX--OOO-OXOOOXXOOX-XX-O-OX-OXXO-XXXXOOO-OXX-OXXXOO--OOXOOO-OXX--
goal[465] OOXX-OOXXXOX-OO---OO-XO----XOX-OOXOOXOOOXOXXXOO-XXXOOXXXX-O--X--
goal[466] XO-XX-OXXO-OXXXOXO-XXXXOXX-XX-O-XXXXXXXXXOXOOXXOXXXX-OXOOX-OO--O
goal[467] X---OOX-OOO-OX-XXXXXXXX--OOOXXX--O-XXXX-O-OXX-OX--OOXX-OXXXOOO--
goal[468] XOOXX--O-O--XOXO-OOOOX-OXOOXXXXXX-XXXXOXX-XX-XOOX-XX--OOXX-XO--O
goal[469] OOOX-O-OOXOOX-XO-OOOOOXXXX-XOOXXXXXOO-X-OOXXXOOO-OXX-OO-XO---O-X
goal[470] XX-OXOOXOOXXOOXOXXXOOXOXXX-XXXX--XXOX-XOXXXXXXXOOOO--XXXXOOX-X-X
goal[471] XOOOOOXXXOO-O-XXOOOOXOOOOOOXXXOOXOXOOOXOOXOOXXXXO-XOXXXOOX-XO--O
goal[472] --XOOXXOOXXX-OOXOOXXOOX-XXXOOO-OXOXXOXX-X-OXOXX-XO-OOXOO-XXXOO--
goal[473] XOOXO-XXOOOOXOOXXOXXO-OXXO-XOXXOO-OOX-OOO-XOOXX--XOOOOXXXXO-XX--
goal[474] XXX-X--OXXOXOOOXXXOO-XXOOX-XOXX-XO-XXXOXXOX-O-XXXXO-OXOXXXOO----
goal[475] X-X--X-OOXXXXOO-OOXXOOO-OOOXXXOX-XOOOXO-OXX-XXOXOXOOOO--X-O-O---
goal[476] -XO-XXO-XXXOXXX-OOXXOXOXX--OO-XOXOXXX--OX-O-OXOO-XOOOOO-X---XX--
goal[477] XOOXO-OO-OO-XOXXOXOXXOO--OXOOX-O-XXOOXOOOOX-XXXX-OOXXXXXO-O-X--O
goal[478] OOOOOOO-OO-OX-XOXOO-XOX--OOOOOX--XXOXXOX-OOO--O-XXOXX-XO-XOO-X--
goal[479] X-X---OOXO-XOO-OXOOXXOXOOOXOXXXO-OXOOOOOXOXXXX-XO-O-XOOO-OOXX-O-
goal[480] -OXXXXXOOXOX-XOXXOX-XXXO--OOOO-O-X-XX-OOXOOXOOOO-XOX-XO-XXOX-O--
goal[481] O-XO--XOXXXX-XXXX-OOOXX-OXOXOO--OOOOOXX--OXOO-XXXOX-XOXO-OXX--X-
goal[482] XX-OXO-XXXOO-OOOXOOXXOXO---XXOOXOX-XXXOXOOO--OXXXXOOXXOOOX-O--X-
goal[483] OOXO--OXXXXOXXXX-XXOOXXXXO-XOXOXO--OXO-XX--XOXXXXXOOOX-OXXX-XOX-
goal[484] --X---XOXXXXO-X--XOXXOX-XOXXXOXOO-XXOXXO-OXXOXXXXOOXOOOXO-O-X---
goal[485] XXOO-XXO-XXXOOOXO-OOXXOX-OOOXO-XX-OOXXOXOOXXO-OXOXO-XO-X-XOO--O-
goal[486] -OXXOOOOOO-O-OOO-OXXOOOOX-XXOXXOXOXOXXO-OXOXX-X-OOXXO-OXXO-OOX--
goal[487] -O-O-XOXOOO-XOOXOX-XO-OXOOOXX--XOOXOOX-OO--XXXXOOOOOO--X-O-OX---
goal[488] OOOOOOOOX--XXOXXXOOO-XO-X--XXO-OOOOXXX--OOXOOXO--XX-O--O-XO-XO--
goal[489] --XO---OOOXXO-OXX-OXOX-XOO-XOOXO-OOXXX-OOOOXX-XOOOOOO--O-O-X-O--
goal[490] -OOXXX--OXXOO-X-OOX--X-OOXXXXXXXOOXXOXXX-XXXXXOOOOOOXX-XOOX-OX--
goal[491] -OOX-OO-X-OXOXXXOOXXXXXXXXOXXXX-XXXXX-O---OX--XO-OXXXXO-OX--X---
goal[492] X-OX-XXOXXOXXOXOOOXOOOOO-X-OOX--OO-XOOOXXOXOXOXXXOO-XXXXXOOXO-X-
goal[493] OXX-X-O-OOO-OXO-XXXOXOOO---OOOOXXOOOOOXXOXO-OXOOOXXOO-OXXXX-----
goal[494] X-OXX-O--XX-OOXXXXOO--OXOXXOOXOO-X-OXX-O-XXOOOOO-XOX-OOOXOO-O-O-
goal[495] XXXOXXO-XOXXXOOOO-XO-XO---OXXOO---XOOXXXOXOOXOOXXX-OOO--XXXO----
goal[496] XX-X-XOXXOXXX-O-XX-X-OOXXXXXOOOOOXOOX--O-XO-OO-X-XOXOXXXOX-O--X-
goal[497] XXXO--XXO-OX-XOO-O-XOO-O--XOO-OO-OOXXOOO-OOOOOOXOXXXXX-XOOOOX---
goal[498] OOXX-XXXOXO-XOXX-XX-OO-OOXXXOO-OXXXXOOOO-OOXO--X--OOX----X-OX---
goal[499] O--OOO-XXOOOX--XXXOOOOXXO--OOO-XOOXXXO-X-OOXOOX-OXXX-XXOOX-O-X--
goal[500] OXXX--XOOO-OO-XX-OXOOOXO-XOOOXO-X--OOXX-O-OXXXXXXOXOX-OXXOOX-X--
goal[501] --X--XX-OOXX-XX-OXXOXXO-X--XOXOO-XOXO-OXOOOO-----OXXOXXXXXO-----
goal[502] -OX-X-XOXXOXOXXX-X--OXXX-X-XXXOX-O-XOXO-OOXOOXXOOOOOOXXOOOOX----
goal[503] -XOOOO-OXOXOO-OO-OOOXOOOXOOOOX--OOXOXXOOO-XO-X-OOOOXOO-O-X--XO--
goal[504] O-OOXXO-O-OXOOOOOOXX--O-OXOOXOOOO--OXXXXO-XOX-XXXOOXOXOOO---X-X-
goal[505] OOOXOOXX-O---XXO-X-OXXOOOOXOO-XXXOOXXXOO-OOXOOX-O-O--O-XXXXXO---
goal[506] XXXOOOX--XOXO-XOXXX--OO-OXOOOO---OOXOOXXOXX-O-XOXXOO-OO--X-XO---
goal[507] -OXXXO-O--XXXOOOOOXOOOX-X-XOOX-X-XOOOXX--OOXOOX-XXXO--XOXX-X----
goal[508] OX-X-O-X-X-XX-XX-XX-XOOXX-OXXXOXXXOOOOO-OOOO-XOXXX-X--XO-XXX-X--
goal[509] X-XO-OX-OXXOX-XO--OXOOOOXOXOOOOO-XXOO-XOO-OXXXOOXOOOOXXOXXO--XO-
goal[510] OOXOO-XO-X--XXXOX-XX-XOXXOXOX-XOOO-XX-XOO-OOXXOOXXOOOXOXOX-X-O-O
goal[511] -OOXXXX-XO-OOXXOXOO-OOX--XXOX-OOXOXXXXXOOOOXXOOX-OO-OOOOXXX-OO--
goal[512] OXX-OOOX-O-OOXXOXXX-XO-OO-OXXX--OO-XX-XXOXXXOXOOXXXO-XO-OOO-X---
goal[513] O--OOOXXXO--XXXX-OXOOOO-XOOXOXOX-OXOX-OOOOOX-XOXXX--XXOXOX-OOOO-
goal[514] X---OX-OXX-XX-OO-OXXXXOX-OOOXXOX-OXOOX--XX-OXOOXXXOXOO-O-O-X-O--
goal[515] OXXXO--O-OXOXXOOXXXXO-OOOXOOOOXX-X-OXXXXX-OOO-X-OOXO-XXO-O-OX---
goal[516] -XXXOO-OXOXXOOOXOOXO-O-X-XXOOOX-XXXOXX-XXOOXXXXXOOXO-XOO-XX-O-X-
goal[517] XXXO--OXOOXX-OXXXOO--OO-XO-XOXXO-X-OOOXXOOXO-XO--X-XOXXXOOO-OX--
goal[518] O---XO--XOXOXXXX--O-OOXOOOOOOOX-XXOXOOO--XO-OXOXXXOX-XXO-XX--X--
goal[519] OXX-X--XXXX--XOOOOOO-XOOOOOOOXO-O-OXO-OOOXX-XXXXOOOXXOOOO-X-X-X-
goal[520] O-OOXXXXOO-X-XXOXOXXOOO---XXX-XXXOOOOXXXXXXXOOOOXXO--XXXOO---XO-
goal[521] OOX-XO-XXOO-OXXOX-OOOOXXXO-OOX--XOXOOXOXXOOOXO-XOOOOO-OOXX-XX--O
goal[522] O---O-XOXOXXX-OXOXX-XOOXOO-OX-XXOO-OOOXOOOOX-XO-OX-XXOOXXOX--O--
goal[523] O-XOOOOXXOOO--OOOOOXXOXXO-XXOO-XX-OOOXOOXXXO--XO--XXXOOX-X-XO---
goal[524] O-X-OX-OOOXO-OOXO-X-XXOO-XOXX-OOX-OXO-XOO-OXXXOOXXO-O-OO-XOO----
goal[525] OXXO-OOOXOX-OOX--OXOO-XOXXXOO-XXX-OOXXOOXXX-XOO-OXX-OXXOOXXO--O-
goal[526] -X---XXX-OXO--XOX--OOXX-OXXOXXOOXXXXO-OXX-OOX-OO-XXXX-O-XO---X--
goal[527] XX-O-XXO-XOXX-XXXOOXOXO-XO-XXOXX--XXO-OX--OX-OOOOOOXOXOOXX-X-X-X
goal[528] OOOOOXOOOOOO-OXOXXXO-OXOOX-XXO-OOX-OO--XOOXOOXXXOOX--O---OOX----
goal[529] --XOOOX--XOXXX--X--OOOO--XXOOO-OXXXOOXOO-OOOXOOOXOXXX-OOOX--O---
goal[530] OO-O---OOOXOXOXOOXX-OX-OXOOXX-OXXXXXOOXXXXO-OOXOXXOXXO-XO-O-XOO-
goal[531] XXXX-XOXXOXXOOX-X-OOOXOXXXXXOOOXOXOOO-XOOOX-O-XO-XOO-OXO-OOOO---
goal[532] -XXOOXX--OOOOXX-OXXX-OXOXXXXXOOO-OOOXX-XOO-O-O-XOOX-XXXX-X-X----
goal[533] -XOOOOX--OXO-XXXOXOXXXXX-OXXXXXXOOOOX-X-OOOXOXXOOOO--XO-OX------
goal[534] OXX-OX-XXX-XOXOOXXOXOOXXXOXXOOXXXXXOX-X-X-X-OOXXOOX-OXO-OOXXO---
goal[535] XXO-XX--XOOXOX--XXO-XOOOXO-OOX-XOXXOXOXOOXOXOXOOO-X-O--XO---OX--
goal[536] -OXXX-XXOOXXOXOOX-OXXOX--O-XXXOO-XXXXOXOOXO-OXO--XOX--X-XXO-X---
goal[537] O--X-XOOOOOXX-X-OOXX-OOXOO-OXXXX-XXOXOX--XX----XXXXOXXXX-OO-O---
goal[538] OOXXOOOOXXX--OOXOXOX-OX--O-OOOOOXXXOOXX-OXXXXOO-OOOXOOXXXXOOOO-O
goal[539] X-OOXOOOXOXO-XXXX-OXOO-OXX-XXOX----XOXXOO-X--OX--OOXOOXOOOXX--X-
goal[540] O--XO--XOOOOX-X-OOXX-XXO-OXXXXXOOOXOX-OXOOOOOOXOOX-O--XOXOOX---X
goal[541] OOXOOX-OXO-X--XO-XOXOXOO--XOOO-OX-OXOXOOOXXXXO-XOXO-OXOOOO-XXO-O
goal[542] OOOOOOXXXOXXOXOOOXX-XOOOO-XOXOOXXOOXXXX-XOOX--OOXXOOOOXXXXX--OX-
goal[543] XXOXXOOOXXOXXOX-XOXOOXX--O-XXOX---XOXOXOXXXXX-XXOOO-OX-XXXX-X-O-
goal[544] XXXOO----XXXXXOXXOOOXOOXOXOXOXX--XXOXX----OX-OXOXOXXX-OXOO-O----
goal[545] XOXX-OOX-XOXO-OX-OOO-XO----XXXO-O-OXOOO-XOXOX--O-OOOOXOOOX--XO--
goal[546] -XX-OXOO-XOXOOOXOXOX-XO-XO-XXXOOOX-XX-X-OX-XO-OXOOXOXXOO-OXXXX--
goal[547] -OOXXOX-OOXOOXX-X--XO-OO--XOXOXO--OXOX-OXXOXOXO-XOOO--OOXOOX----
goal[548] X--XOXXXOXO-OO-X--XXXXOOO-XXOO--OXXXXO--OXXXXOXOXOOOX-OXOOXOO--O
goal[549] OOOOO-OXO--OOXXOXXOXXOOO-OOXXO-O-XXXOXXOOOOO-XOXXXOO--OXXXOX--XO
goal[550] --OX-OO-OOOOOXXXXXOO--XX-O-XXOOO-OXOOX--OOX-XOOOOOOXXX-X-OXO----
goal[551] OXX-OO-X-OOO-OOOXXOOXO----XXXOXXOXXXO-OXOXOXOX-OOO--XXOOOOOXXO--
goal[552] O-OX---OXOXOOOO--XXOXXXXO-OXX--O-OOOO--XOXOOXOOX-O-OOOOXX-OX--O-
goal[553] -O-XXXX-XXXOOXX-OXXX-OOXOX-XXOOXXOXOXX-XXO-OXOO-XXO-O--O---OX---
goal[554] --XXXOOOOOX-XOX-X-XXOXO-XXOOO--O--XXXXOXOOOOOOX--XXOX-XXXO-XXO--
goal[555] XOOXOOOOXX---OO-XXX-XO--OOXOXXOXXOXOOX-OX-XOXXX---XXX-X-OOO-----
goal[556] XOOX-OOOXOO-OX-XOOOXO-XXOXXXXOOX-OOXXXO-OOOXOO-OO-XO-O--O-XOO---
goal[557] OOXXXOOXO-OO---XOOOO--OX-XOOXXXOXXOXOOOOOO-XO-XXO-X---XX-X---X--
goal[558] ---OXO-O-OXX-OO-OOOOOOOO-XXXXX-OXOXXOX-OX-XOOXXXOXOO-X-X-OX-O---
goal[559] OOOOO-XOXX-O-OX-XXXO-OOOOOXOOXOXO--OOXOXOOXOOOOXOXXX-OXOOXX-X-X-
goal[560] OOOX-X-XXXOOOXXOOOOXOXX--XXXXOXO-O-XOXX-XXX---X--XXOXXXX--OOO---
goal[561] XOOOXXOOOOO-OOXO-XXOXO-OOX-OX-OOXX-XOXO-XOOOXOOOXOX-OXOOXX-XX-O-
goal[562] O-XXXXX-XO-X-X-OX-OOX-O-OXXXXOX-OOXOOOXXXOOO-XOO-X--O-OXX--O-X--
goal[563] O-O-OXXXXXOXX-X-X-X---OXXXXOOOXXXXOXXOX-OOOOOXO-OOOXOOOX-OX-OO--
goal[564] OXOOOXX--OX--XXXOXXOXXXXOXXXOOXXOX-OXXOXO-OOXOXOOXXOXOOXO--XX---
goal[565] X--O-XXXOXXXO-OX-XOOOXX-XOXOXXO-OX-XXXOXXXXOXX-X-O-XXXOXOXXX-O--
goal[566] OOO--XO-XO-XXO-XXOX-OOXOXOXXOX--OXOXXXOOO-XXXO--OXOX-XXXOXXO-X--
goal[567] O-XXXXX--OOOXOOO--OOXXOO--XOO--OOX-XXOOOXOXXXOXO-OXOOOXOOX-XXOX-
[info][goal=1] build single CNF with h=[44..=88] (start_discs=4, goal_discs=48)
[info][goal=1] this goal has 2 symmetric candidate(s) (from all 8 symmetries)
[info][goal=213] build single CNF with h=[44..=88] (start_discs=4, goal_discs=48)
[info][goal=213] this goal has 2 symmetric candidate(s) (from all 8 symmetries)
[info][goal=53] build single CNF with h=[43..=86] (start_discs=4, goal_discs=47)
[info][goal=53] this goal has 2 symmetric candidate(s) (from all 8 symmetries)
[info][goal=36] build single CNF with h=[45..=90] (start_discs=4, goal_discs=49)
[info][goal=36] this goal has 2 symmetric candidate(s) (from all 8 symmetries)
[info][goal=284] build single CNF with h=[45..=90] (start_discs=4, goal_discs=49)
[info][goal=284] this goal has 2 symmetric candidate(s) (from all 8 symmetries)
[info][goal=71] build single CNF with h=[47..=94] (start_discs=4, goal_discs=51)
[info][goal=71] this goal has 2 symmetric candidate(s) (from all 8 symmetries)
[info][goal=426] build single CNF with h=[43..=86] (start_discs=4, goal_discs=47)
[info][goal=426] this goal has 2 symmetric candidate(s) (from all 8 symmetries)
[info][goal=355] build single CNF with h=[49..=98] (start_discs=4, goal_discs=53)
[info][goal=355] this goal has 2 symmetric candidate(s) (from all 8 symmetries)
[info][goal=177] build single CNF with h=[42..=84] (start_discs=4, goal_discs=46)
[info][goal=177] this goal has 2 symmetric candidate(s) (from all 8 symmetries)
[info][goal=159] build single CNF with h=[47..=94] (start_discs=4, goal_discs=51)
[info][goal=159] this goal has 2 symmetric candidate(s) (from all 8 symmetries)
[info][goal=195] build single CNF with h=[46..=92] (start_discs=4, goal_discs=50)
[info][goal=195] this goal has 2 symmetric candidate(s) (from all 8 symmetries)
[info][goal=390] build single CNF with h=[48..=96] (start_discs=4, goal_discs=52)
[info][goal=390] this goal has 2 symmetric candidate(s) (from all 8 symmetries)
[info][goal=150] build single CNF with h=[47..=94] (start_discs=4, goal_discs=51)
[info][goal=150] this goal has 2 symmetric candidate(s) (from all 8 symmetries)
[info][goal=62] build single CNF with h=[48..=96] (start_discs=4, goal_discs=52)
[info][goal=62] this goal has 2 symmetric candidate(s) (from all 8 symmetries)
[info][goal=142] build single CNF with h=[44..=88] (start_discs=4, goal_discs=48)
[info][goal=142] this goal has 2 symmetric candidate(s) (from all 8 symmetries)
[info][goal=426] range=43..=86 symmetry=0 vars=427722 clauses=4183232
[info][goal=177] range=42..=84 symmetry=0 vars=417778 clauses=4085955
[info][goal=53] range=43..=86 symmetry=0 vars=427722 clauses=4183232
[info][goal=284] range=45..=90 symmetry=0 vars=447610 clauses=4377786
[info][goal=1] range=44..=88 symmetry=0 vars=437666 clauses=4280509
[info][goal=213] range=44..=88 symmetry=0 vars=437666 clauses=4280509
[info][goal=142] range=44..=88 symmetry=0 vars=437666 clauses=4280509
[info][goal=36] range=45..=90 symmetry=0 vars=447610 clauses=4377786
[info][goal=195] range=46..=92 symmetry=0 vars=457554 clauses=4475063
[info][goal=159] range=47..=94 symmetry=0 vars=467498 clauses=4572340
[info][goal=71] range=47..=94 symmetry=0 vars=467498 clauses=4572340
[info][goal=150] range=47..=94 symmetry=0 vars=467498 clauses=4572340
[info][goal=390] range=48..=96 symmetry=0 vars=477442 clauses=4669617
[info][goal=355] range=49..=98 symmetry=0 vars=487386 clauses=4766894
[info][goal=62] range=48..=96 symmetry=0 vars=477442 clauses=4669617
[info][goal=62] trying goal symmetry=1
[info][goal=62] range=48..=96 symmetry=1 vars=477442 clauses=4669617
[info][goal=63] build single CNF with h=[45..=90] (start_discs=4, goal_discs=49)
[info][goal=63] this goal has 2 symmetric candidate(s) (from all 8 symmetries)
UNSAT
[info][goal=63] range=45..=90 symmetry=0 vars=447610 clauses=4377786
[info][goal=53] trying goal symmetry=1
[info][goal=53] range=43..=86 symmetry=1 vars=427722 clauses=4183232
[info][goal=355] trying goal symmetry=1
[info][goal=355] range=49..=98 symmetry=1 vars=487386 clauses=4766894
[info][goal=159] trying goal symmetry=1
[info][goal=159] range=47..=94 symmetry=1 vars=467498 clauses=4572340
[info][goal=177] trying goal symmetry=1
[info][goal=177] range=42..=84 symmetry=1 vars=417778 clauses=4085955
[info][goal=213] trying goal symmetry=1
[info][goal=213] range=44..=88 symmetry=1 vars=437666 clauses=4280509
[info][goal=54] build single CNF with h=[48..=96] (start_discs=4, goal_discs=52)
[info][goal=54] this goal has 2 symmetric candidate(s) (from all 8 symmetries)
UNSAT
[info][goal=54] range=48..=96 symmetry=0 vars=477442 clauses=4669617
[info][goal=150] trying goal symmetry=1
[info][goal=150] range=47..=94 symmetry=1 vars=467498 clauses=4572340
[info][goal=284] trying goal symmetry=1
[info][goal=284] range=45..=90 symmetry=1 vars=447610 clauses=4377786
[info][goal=160] build single CNF with h=[49..=98] (start_discs=4, goal_discs=53)
[info][goal=160] this goal has 2 symmetric candidate(s) (from all 8 symmetries)
UNSAT
[info][goal=160] range=49..=98 symmetry=0 vars=487386 clauses=4766894
[info][goal=214] build single CNF with h=[46..=92] (start_discs=4, goal_discs=50)
[info][goal=214] this goal has 2 symmetric candidate(s) (from all 8 symmetries)
UNSAT
[info][goal=214] range=46..=92 symmetry=0 vars=457554 clauses=4475063
[info][goal=142] trying goal symmetry=1
[info][goal=142] range=44..=88 symmetry=1 vars=437666 clauses=4280509
[info][goal=178] build single CNF with h=[54..=108] (start_discs=4, goal_discs=58)
[info][goal=178] this goal has 2 symmetric candidate(s) (from all 8 symmetries)
UNSAT
[info][goal=178] range=54..=108 symmetry=0 vars=537106 clauses=5253279
[info][goal=356] build single CNF with h=[45..=90] (start_discs=4, goal_discs=49)
[info][goal=356] this goal has 2 symmetric candidate(s) (from all 8 symmetries)
UNSAT
[info][goal=356] range=45..=90 symmetry=0 vars=447610 clauses=4377786
[info][goal=1] trying goal symmetry=1
[info][goal=1] range=44..=88 symmetry=1 vars=437666 clauses=4280509
[info][goal=160] trying goal symmetry=1
[info][goal=160] range=49..=98 symmetry=1 vars=487386 clauses=4766894
[info][goal=151] build single CNF with h=[45..=90] (start_discs=4, goal_discs=49)
[info][goal=151] this goal has 2 symmetric candidate(s) (from all 8 symmetries)
UNSAT
[info][goal=151] range=45..=90 symmetry=0 vars=447610 clauses=4377786
[info][goal=63] trying goal symmetry=1
[info][goal=63] range=45..=90 symmetry=1 vars=447610 clauses=4377786
[info][goal=161] build single CNF with h=[49..=98] (start_discs=4, goal_discs=53)
[info][goal=161] this goal has 2 symmetric candidate(s) (from all 8 symmetries)
UNSAT
[info][goal=161] range=49..=98 symmetry=0 vars=487386 clauses=4766894
[info][goal=143] build single CNF with h=[44..=88] (start_discs=4, goal_discs=48)
[info][goal=143] this goal has 2 symmetric candidate(s) (from all 8 symmetries)
UNSAT
[info][goal=143] range=44..=88 symmetry=0 vars=437666 clauses=4280509
[info][goal=2] build single CNF with h=[48..=96] (start_discs=4, goal_discs=52)
[info][goal=2] this goal has 2 symmetric candidate(s) (from all 8 symmetries)
UNSAT
[info][goal=2] range=48..=96 symmetry=0 vars=477442 clauses=4669617
[info][goal=151] trying goal symmetry=1
[info][goal=151] range=45..=90 symmetry=1 vars=447610 clauses=4377786
[info][goal=285] build single CNF with h=[45..=90] (start_discs=4, goal_discs=49)
[info][goal=285] this goal has 2 symmetric candidate(s) (from all 8 symmetries)
UNSAT
[info][goal=285] range=45..=90 symmetry=0 vars=447610 clauses=4377786
[info][goal=357] build single CNF with h=[42..=84] (start_discs=4, goal_discs=46)
[info][goal=357] this goal has 2 symmetric candidate(s) (from all 8 symmetries)
[356] SAT (H=45)
[356] Record: E6D6C3D3C6B2C2F4F3E3F5G3G2C7A2B1H3E7E8F8B3G6C1B4B8F6A5B7A7A8A3H2F7D1C5G7H5B5D8F2H1G5H7G1F1
[info][goal=357] range=42..=84 symmetry=0 vars=417778 clauses=4085955
[info][goal=72] build single CNF with h=[44..=88] (start_discs=4, goal_discs=48)
[info][goal=72] this goal has 2 symmetric candidate(s) (from all 8 symmetries)
[71] SAT (H=47)
[71] Record: C4E3F5B4F3F4C3D2A4E6B2B3D7B5B6A2C2A1C5B7A6F7A7D6F6D1C1A5D3G2F2G3A3G5H4G1G6C7E8F8H1H7G7E7B8D8F1
[info][goal=72] range=44..=88 symmetry=0 vars=437666 clauses=4280509
[info][goal=152] build single CNF with h=[43..=86] (start_discs=4, goal_discs=47)
[info][goal=152] this goal has 2 symmetric candidate(s) (from all 8 symmetries)
UNSAT
[info][goal=152] range=43..=86 symmetry=0 vars=427722 clauses=4183232
[info][goal=285] trying goal symmetry=1
[info][goal=285] range=45..=90 symmetry=1 vars=447610 clauses=4377786
[info][goal=64] build single CNF with h=[46..=92] (start_discs=4, goal_discs=50)
[info][goal=64] this goal has 2 symmetric candidate(s) (from all 8 symmetries)
UNSAT
[info][goal=64] range=46..=92 symmetry=0 vars=457554 clauses=4475063
[info][goal=426] trying goal symmetry=1
[info][goal=426] range=43..=86 symmetry=1 vars=427722 clauses=4183232
[info][goal=286] build single CNF with h=[48..=96] (start_discs=4, goal_discs=52)
[info][goal=286] this goal has 2 symmetric candidate(s) (from all 8 symmetries)
UNSAT
[info][goal=286] range=48..=96 symmetry=0 vars=477442 clauses=4669617
[info][goal=390] trying goal symmetry=1
[info][goal=390] range=48..=96 symmetry=1 vars=477442 clauses=4669617
[info][goal=152] trying goal symmetry=1
[info][goal=152] range=43..=86 symmetry=1 vars=427722 clauses=4183232
[info][goal=64] trying goal symmetry=1
[info][goal=64] range=46..=92 symmetry=1 vars=457554 clauses=4475063
[info][goal=72] trying goal symmetry=1
[info][goal=72] range=44..=88 symmetry=1 vars=437666 clauses=4280509
[info][goal=73] build single CNF with h=[44..=88] (start_discs=4, goal_discs=48)
[info][goal=73] this goal has 2 symmetric candidate(s) (from all 8 symmetries)
UNSAT
[info][goal=73] range=44..=88 symmetry=0 vars=437666 clauses=4280509
[info][goal=178] trying goal symmetry=1
[info][goal=178] range=54..=108 symmetry=1 vars=537106 clauses=5253279
[info][goal=143] trying goal symmetry=1
[info][goal=143] range=44..=88 symmetry=1 vars=437666 clauses=4280509
[info][goal=286] trying goal symmetry=1
[info][goal=286] range=48..=96 symmetry=1 vars=477442 clauses=4669617
[info][goal=357] trying goal symmetry=1
[info][goal=357] range=42..=84 symmetry=1 vars=417778 clauses=4085955
[info][goal=36] trying goal symmetry=1
[info][goal=195] trying goal symmetry=1
[info][goal=36] range=45..=90 symmetry=1 vars=447610 clauses=4377786
[info][goal=195] range=46..=92 symmetry=1 vars=457554 clauses=4475063
[info][goal=65] build single CNF with h=[45..=90] (start_discs=4, goal_discs=49)
[info][goal=65] this goal has 2 symmetric candidate(s) (from all 8 symmetries)
UNSAT
[info][goal=65] range=45..=90 symmetry=0 vars=447610 clauses=4377786
[info][goal=287] build single CNF with h=[47..=94] (start_discs=4, goal_discs=51)
[info][goal=287] this goal has 2 symmetric candidate(s) (from all 8 symmetries)
UNSAT
[info][goal=287] range=47..=94 symmetry=0 vars=467498 clauses=4572340
[info][goal=153] build single CNF with h=[41..=82] (start_discs=4, goal_discs=45)
[info][goal=153] this goal has 2 symmetric candidate(s) (from all 8 symmetries)
UNSAT
[info][goal=153] range=41..=82 symmetry=0 vars=407834 clauses=3988678
[info][goal=65] trying goal symmetry=1
[info][goal=65] range=45..=90 symmetry=1 vars=447610 clauses=4377786
[info][goal=54] trying goal symmetry=1
[info][goal=54] range=48..=96 symmetry=1 vars=477442 clauses=4669617
[info][goal=153] trying goal symmetry=1
[info][goal=153] range=41..=82 symmetry=1 vars=407834 clauses=3988678
[info][goal=214] trying goal symmetry=1
[info][goal=214] range=46..=92 symmetry=1 vars=457554 clauses=4475063
[info][goal=358] build single CNF with h=[42..=84] (start_discs=4, goal_discs=46)
[info][goal=358] this goal has 2 symmetric candidate(s) (from all 8 symmetries)
UNSAT
[info][goal=358] range=42..=84 symmetry=0 vars=417778 clauses=4085955
[info][goal=427] build single CNF with h=[48..=96] (start_discs=4, goal_discs=52)
[info][goal=427] this goal has 2 symmetric candidate(s) (from all 8 symmetries)
UNSAT
[info][goal=427] range=48..=96 symmetry=0 vars=477442 clauses=4669617
[info][goal=73] trying goal symmetry=1
[info][goal=73] range=44..=88 symmetry=1 vars=437666 clauses=4280509
[info][goal=66] build single CNF with h=[44..=88] (start_discs=4, goal_discs=48)
[info][goal=66] this goal has 2 symmetric candidate(s) (from all 8 symmetries)
UNSAT
[info][goal=66] range=44..=88 symmetry=0 vars=437666 clauses=4280509
[info][goal=358] trying goal symmetry=1
[info][goal=358] range=42..=84 symmetry=1 vars=417778 clauses=4085955
[info][goal=154] build single CNF with h=[44..=88] (start_discs=4, goal_discs=48)
[info][goal=154] this goal has 2 symmetric candidate(s) (from all 8 symmetries)
UNSAT
[info][goal=154] range=44..=88 symmetry=0 vars=437666 clauses=4280509
[info][goal=144] build single CNF with h=[49..=98] (start_discs=4, goal_discs=53)
[info][goal=144] this goal has 2 symmetric candidate(s) (from all 8 symmetries)
UNSAT
[info][goal=144] range=49..=98 symmetry=0 vars=487386 clauses=4766894
[info][goal=179] build single CNF with h=[41..=82] (start_discs=4, goal_discs=45)
[info][goal=179] this goal has 2 symmetric candidate(s) (from all 8 symmetries)
UNSAT
[info][goal=179] range=41..=82 symmetry=0 vars=407834 clauses=3988678
[info][goal=359] build single CNF with h=[52..=104] (start_discs=4, goal_discs=56)
[info][goal=359] this goal has 2 symmetric candidate(s) (from all 8 symmetries)
UNSAT
[info][goal=359] range=52..=104 symmetry=0 vars=517218 clauses=5058725
[info][goal=74] build single CNF with h=[43..=86] (start_discs=4, goal_discs=47)
[info][goal=74] this goal has 2 symmetric candidate(s) (from all 8 symmetries)
UNSAT
[info][goal=74] range=43..=86 symmetry=0 vars=427722 clauses=4183232
[info][goal=144] trying goal symmetry=1
[info][goal=144] range=49..=98 symmetry=1 vars=487386 clauses=4766894
[info][goal=359] trying goal symmetry=1
[info][goal=359] range=52..=104 symmetry=1 vars=517218 clauses=5058725
[info][goal=427] trying goal symmetry=1
[info][goal=427] range=48..=96 symmetry=1 vars=477442 clauses=4669617
[info][goal=161] trying goal symmetry=1
[info][goal=161] range=49..=98 symmetry=1 vars=487386 clauses=4766894
[info][goal=66] trying goal symmetry=1
[info][goal=66] range=44..=88 symmetry=1 vars=437666 clauses=4280509
[info][goal=360] build single CNF with h=[44..=88] (start_discs=4, goal_discs=48)
[info][goal=360] this goal has 2 symmetric candidate(s) (from all 8 symmetries)
UNSAT
[info][goal=360] range=44..=88 symmetry=0 vars=437666 clauses=4280509
[info][goal=2] trying goal symmetry=1
[info][goal=2] range=48..=96 symmetry=1 vars=477442 clauses=4669617
[info][goal=74] trying goal symmetry=1
[info][goal=74] range=43..=86 symmetry=1 vars=427722 clauses=4183232
[info][goal=360] trying goal symmetry=1
[info][goal=360] range=44..=88 symmetry=1 vars=437666 clauses=4280509
[info][goal=154] trying goal symmetry=1
[info][goal=154] range=44..=88 symmetry=1 vars=437666 clauses=4280509
[info][goal=75] build single CNF with h=[46..=92] (start_discs=4, goal_discs=50)
[info][goal=75] this goal has 2 symmetric candidate(s) (from all 8 symmetries)
UNSAT
[info][goal=75] range=46..=92 symmetry=0 vars=457554 clauses=4475063
[info][goal=145] build single CNF with h=[42..=84] (start_discs=4, goal_discs=46)
[info][goal=145] this goal has 2 symmetric candidate(s) (from all 8 symmetries)
UNSAT
[info][goal=145] range=42..=84 symmetry=0 vars=417778 clauses=4085955
[info][goal=361] build single CNF with h=[46..=92] (start_discs=4, goal_discs=50)
[info][goal=361] this goal has 2 symmetric candidate(s) (from all 8 symmetries)
UNSAT
[info][goal=361] range=46..=92 symmetry=0 vars=457554 clauses=4475063
[info][goal=391] build single CNF with h=[48..=96] (start_discs=4, goal_discs=52)
[info][goal=391] this goal has 2 symmetric candidate(s) (from all 8 symmetries)
UNSAT
[info][goal=391] range=48..=96 symmetry=0 vars=477442 clauses=4669617
[info][goal=179] trying goal symmetry=1
[info][goal=179] range=41..=82 symmetry=1 vars=407834 clauses=3988678
[info][goal=428] build single CNF with h=[47..=94] (start_discs=4, goal_discs=51)
[info][goal=428] this goal has 2 symmetric candidate(s) (from all 8 symmetries)
UNSAT
[info][goal=428] range=47..=94 symmetry=0 vars=467498 clauses=4572340
[info][goal=145] trying goal symmetry=1
[info][goal=145] range=42..=84 symmetry=1 vars=417778 clauses=4085955
[info][goal=67] build single CNF with h=[47..=94] (start_discs=4, goal_discs=51)
[info][goal=67] this goal has 2 symmetric candidate(s) (from all 8 symmetries)
UNSAT
[info][goal=67] range=47..=94 symmetry=0 vars=467498 clauses=4572340
[info][goal=361] trying goal symmetry=1
[info][goal=361] range=46..=92 symmetry=1 vars=457554 clauses=4475063
[info][goal=155] build single CNF with h=[46..=92] (start_discs=4, goal_discs=50)
[info][goal=155] this goal has 2 symmetric candidate(s) (from all 8 symmetries)
UNSAT
[info][goal=155] range=46..=92 symmetry=0 vars=457554 clauses=4475063
[info][goal=391] trying goal symmetry=1
[info][goal=391] range=48..=96 symmetry=1 vars=477442 clauses=4669617
[info][goal=428] trying goal symmetry=1
[info][goal=428] range=47..=94 symmetry=1 vars=467498 clauses=4572340
[info][goal=146] build single CNF with h=[46..=92] (start_discs=4, goal_discs=50)
[info][goal=146] this goal has 2 symmetric candidate(s) (from all 8 symmetries)
UNSAT
[info][goal=146] range=46..=92 symmetry=0 vars=457554 clauses=4475063
[info][goal=37] build single CNF with h=[47..=94] (start_discs=4, goal_discs=51)
[info][goal=37] this goal has 2 symmetric candidate(s) (from all 8 symmetries)
UNKNOWN
[info][goal=146] trying goal symmetry=1
[info][goal=196] build single CNF with h=[46..=92] (start_discs=4, goal_discs=50)
[info][goal=196] this goal has 2 symmetric candidate(s) (from all 8 symmetries)
UNKNOWN
[info][goal=37] range=47..=94 symmetry=0 vars=467498 clauses=4572340
[info][goal=146] range=46..=92 symmetry=1 vars=457554 clauses=4475063
[info][goal=196] range=46..=92 symmetry=0 vars=457554 clauses=4475063
[info][goal=362] build single CNF with h=[47..=94] (start_discs=4, goal_discs=51)
[info][goal=362] this goal has 2 symmetric candidate(s) (from all 8 symmetries)
UNSAT
[info][goal=362] range=47..=94 symmetry=0 vars=467498 clauses=4572340
[info][goal=67] trying goal symmetry=1
[info][goal=67] range=47..=94 symmetry=1 vars=467498 clauses=4572340
[info][goal=392] build single CNF with h=[43..=86] (start_discs=4, goal_discs=47)
[info][goal=392] this goal has 2 symmetric candidate(s) (from all 8 symmetries)
UNSAT
[info][goal=392] range=43..=86 symmetry=0 vars=427722 clauses=4183232
[info][goal=429] build single CNF with h=[47..=94] (start_discs=4, goal_discs=51)
[info][goal=429] this goal has 2 symmetric candidate(s) (from all 8 symmetries)
UNSAT
[info][goal=429] range=47..=94 symmetry=0 vars=467498 clauses=4572340
[info][goal=287] trying goal symmetry=1
[info][goal=287] range=47..=94 symmetry=1 vars=467498 clauses=4572340
[info][goal=147] build single CNF with h=[47..=94] (start_discs=4, goal_discs=51)
[info][goal=147] this goal has 2 symmetric candidate(s) (from all 8 symmetries)
UNSAT
[info][goal=147] range=47..=94 symmetry=0 vars=467498 clauses=4572340
[info][goal=392] trying goal symmetry=1
[info][goal=392] range=43..=86 symmetry=1 vars=427722 clauses=4183232
[info][goal=55] build single CNF with h=[46..=92] (start_discs=4, goal_discs=50)
[info][goal=55] this goal has 2 symmetric candidate(s) (from all 8 symmetries)
UNKNOWN
[info][goal=55] range=46..=92 symmetry=0 vars=457554 clauses=4475063
[info][goal=180] build single CNF with h=[48..=96] (start_discs=4, goal_discs=52)
[info][goal=180] this goal has 2 symmetric candidate(s) (from all 8 symmetries)
UNSAT
[info][goal=180] range=48..=96 symmetry=0 vars=477442 clauses=4669617
[info][goal=393] build single CNF with h=[44..=88] (start_discs=4, goal_discs=48)
[info][goal=393] this goal has 2 symmetric candidate(s) (from all 8 symmetries)
UNSAT
[info][goal=393] range=44..=88 symmetry=0 vars=437666 clauses=4280509
[info][goal=215] build single CNF with h=[43..=86] (start_discs=4, goal_discs=47)
[info][goal=215] this goal has 2 symmetric candidate(s) (from all 8 symmetries)
UNKNOWN
[info][goal=215] range=43..=86 symmetry=0 vars=427722 clauses=4183232
[info][goal=147] trying goal symmetry=1
[info][goal=147] range=47..=94 symmetry=1 vars=467498 clauses=4572340
[info][goal=362] trying goal symmetry=1
[info][goal=362] range=47..=94 symmetry=1 vars=467498 clauses=4572340
[info][goal=37] trying goal symmetry=1
[info][goal=37] range=47..=94 symmetry=1 vars=467498 clauses=4572340
[info][goal=68] build single CNF with h=[49..=98] (start_discs=4, goal_discs=53)
[info][goal=68] this goal has 2 symmetric candidate(s) (from all 8 symmetries)
UNSAT
[info][goal=68] range=49..=98 symmetry=0 vars=487386 clauses=4766894
[info][goal=180] trying goal symmetry=1
[info][goal=180] range=48..=96 symmetry=1 vars=477442 clauses=4669617
[info][goal=393] trying goal symmetry=1
[info][goal=393] range=44..=88 symmetry=1 vars=437666 clauses=4280509
[info][goal=55] trying goal symmetry=1
[info][goal=55] range=46..=92 symmetry=1 vars=457554 clauses=4475063
[info][goal=148] build single CNF with h=[47..=94] (start_discs=4, goal_discs=51)
[info][goal=148] this goal has 2 symmetric candidate(s) (from all 8 symmetries)
UNSAT
[info][goal=148] range=47..=94 symmetry=0 vars=467498 clauses=4572340
[info][goal=363] build single CNF with h=[46..=92] (start_discs=4, goal_discs=50)
[info][goal=363] this goal has 2 symmetric candidate(s) (from all 8 symmetries)
UNSAT
[info][goal=68] trying goal symmetry=1
[info][goal=363] range=46..=92 symmetry=0 vars=457554 clauses=4475063
[info][goal=68] range=49..=98 symmetry=1 vars=487386 clauses=4766894
[info][goal=394] build single CNF with h=[51..=102] (start_discs=4, goal_discs=55)
[info][goal=394] this goal has 2 symmetric candidate(s) (from all 8 symmetries)
UNSAT
[info][goal=394] range=51..=102 symmetry=0 vars=507274 clauses=4961448
[info][goal=162] build single CNF with h=[50..=100] (start_discs=4, goal_discs=54)
[info][goal=162] this goal has 2 symmetric candidate(s) (from all 8 symmetries)
UNKNOWN
[info][goal=162] range=50..=100 symmetry=0 vars=497330 clauses=4864171
[info][goal=3] build single CNF with h=[41..=82] (start_discs=4, goal_discs=45)
[info][goal=3] this goal has 2 symmetric candidate(s) (from all 8 symmetries)
UNKNOWN
[info][goal=3] range=41..=82 symmetry=0 vars=407834 clauses=3988678
[info][goal=38] build single CNF with h=[40..=80] (start_discs=4, goal_discs=44)
[info][goal=38] this goal has 2 symmetric candidate(s) (from all 8 symmetries)
UNSAT
[info][goal=38] range=40..=80 symmetry=0 vars=397890 clauses=3891401
[info][goal=69] build single CNF with h=[49..=98] (start_discs=4, goal_discs=53)
[info][goal=69] this goal has 2 symmetric candidate(s) (from all 8 symmetries)
UNSAT
[info][goal=69] range=49..=98 symmetry=0 vars=487386 clauses=4766894
[info][goal=148] trying goal symmetry=1
[info][goal=148] range=47..=94 symmetry=1 vars=467498 clauses=4572340
[info][goal=56] build single CNF with h=[44..=88] (start_discs=4, goal_discs=48)
[info][goal=56] this goal has 2 symmetric candidate(s) (from all 8 symmetries)
UNSAT
[info][goal=56] range=44..=88 symmetry=0 vars=437666 clauses=4280509
[info][goal=75] trying goal symmetry=1
[info][goal=75] range=46..=92 symmetry=1 vars=457554 clauses=4475063
[info][goal=162] trying goal symmetry=1
[info][goal=162] range=50..=100 symmetry=1 vars=497330 clauses=4864171
[info][goal=38] trying goal symmetry=1
[info][goal=38] range=40..=80 symmetry=1 vars=397890 clauses=3891401
[info][goal=363] trying goal symmetry=1
[info][goal=363] range=46..=92 symmetry=1 vars=457554 clauses=4475063
[info][goal=149] build single CNF with h=[44..=88] (start_discs=4, goal_discs=48)
[info][goal=149] this goal has 2 symmetric candidate(s) (from all 8 symmetries)
UNSAT
[info][goal=149] range=44..=88 symmetry=0 vars=437666 clauses=4280509
[info][goal=69] trying goal symmetry=1
[info][goal=69] range=49..=98 symmetry=1 vars=487386 clauses=4766894
[info][goal=181] build single CNF with h=[50..=100] (start_discs=4, goal_discs=54)
[info][goal=181] this goal has 2 symmetric candidate(s) (from all 8 symmetries)
UNSAT
[info][goal=181] range=50..=100 symmetry=0 vars=497330 clauses=4864171
[info][goal=39] build single CNF with h=[42..=84] (start_discs=4, goal_discs=46)
[info][goal=39] this goal has 2 symmetric candidate(s) (from all 8 symmetries)
UNSAT
[info][goal=39] range=42..=84 symmetry=0 vars=417778 clauses=4085955
[info][goal=163] build single CNF with h=[42..=84] (start_discs=4, goal_discs=46)
[info][goal=163] this goal has 2 symmetric candidate(s) (from all 8 symmetries)
UNSAT
[info][goal=163] range=42..=84 symmetry=0 vars=417778 clauses=4085955
[info][goal=70] build single CNF with h=[45..=90] (start_discs=4, goal_discs=49)
[info][goal=70] this goal has 2 symmetric candidate(s) (from all 8 symmetries)
UNSAT
[info][goal=70] range=45..=90 symmetry=0 vars=447610 clauses=4377786
[info][goal=155] trying goal symmetry=1
[info][goal=155] range=46..=92 symmetry=1 vars=457554 clauses=4475063
[info][goal=394] trying goal symmetry=1
[info][goal=394] range=51..=102 symmetry=1 vars=507274 clauses=4961448
[info][goal=39] trying goal symmetry=1
[info][goal=39] range=42..=84 symmetry=1 vars=417778 clauses=4085955
[info][goal=70] trying goal symmetry=1
[info][goal=70] range=45..=90 symmetry=1 vars=447610 clauses=4377786
[info][goal=364] build single CNF with h=[49..=98] (start_discs=4, goal_discs=53)
[info][goal=364] this goal has 2 symmetric candidate(s) (from all 8 symmetries)
UNSAT
[info][goal=364] range=49..=98 symmetry=0 vars=487386 clauses=4766894
[info][goal=196] trying goal symmetry=1
[info][goal=196] range=46..=92 symmetry=1 vars=457554 clauses=4475063
[info][goal=44] build single CNF with h=[47..=94] (start_discs=4, goal_discs=51)
[info][goal=44] this goal has 2 symmetric candidate(s) (from all 8 symmetries)
UNSAT
[info][goal=429] trying goal symmetry=1
[info][goal=429] range=47..=94 symmetry=1 vars=467498 clauses=4572340
[info][goal=44] range=47..=94 symmetry=0 vars=467498 clauses=4572340
[info][goal=40] build single CNF with h=[50..=100] (start_discs=4, goal_discs=54)
[info][goal=40] this goal has 2 symmetric candidate(s) (from all 8 symmetries)
UNSAT
[info][goal=40] range=50..=100 symmetry=0 vars=497330 clauses=4864171
[info][goal=395] build single CNF with h=[44..=88] (start_discs=4, goal_discs=48)
[info][goal=395] this goal has 2 symmetric candidate(s) (from all 8 symmetries)
UNSAT
[info][goal=395] range=44..=88 symmetry=0 vars=437666 clauses=4280509
[info][goal=149] trying goal symmetry=1
[info][goal=149] range=44..=88 symmetry=1 vars=437666 clauses=4280509
[info][goal=288] build single CNF with h=[52..=104] (start_discs=4, goal_discs=56)
[info][goal=288] this goal has 2 symmetric candidate(s) (from all 8 symmetries)
UNKNOWN
[info][goal=288] range=52..=104 symmetry=0 vars=517218 clauses=5058725
[info][goal=395] trying goal symmetry=1
[info][goal=395] range=44..=88 symmetry=1 vars=437666 clauses=4280509
[info][goal=215] trying goal symmetry=1
[info][goal=215] range=43..=86 symmetry=1 vars=427722 clauses=4183232
[info][goal=319] build single CNF with h=[47..=94] (start_discs=4, goal_discs=51)
[info][goal=319] this goal has 2 symmetric candidate(s) (from all 8 symmetries)
UNSAT
[info][goal=319] range=47..=94 symmetry=0 vars=467498 clauses=4572340
[info][goal=396] build single CNF with h=[44..=88] (start_discs=4, goal_discs=48)
[info][goal=396] this goal has 2 symmetric candidate(s) (from all 8 symmetries)
UNSAT
[info][goal=396] range=44..=88 symmetry=0 vars=437666 clauses=4280509
[info][goal=181] trying goal symmetry=1
[info][goal=181] range=50..=100 symmetry=1 vars=497330 clauses=4864171
[info][goal=319] trying goal symmetry=1
[info][goal=319] range=47..=94 symmetry=1 vars=467498 clauses=4572340
[info][goal=396] trying goal symmetry=1
[info][goal=396] range=44..=88 symmetry=1 vars=437666 clauses=4280509
[info][goal=320] build single CNF with h=[47..=94] (start_discs=4, goal_discs=51)
[info][goal=320] this goal has 2 symmetric candidate(s) (from all 8 symmetries)
UNSAT
[info][goal=320] range=47..=94 symmetry=0 vars=467498 clauses=4572340
[info][goal=44] trying goal symmetry=1
[info][goal=44] range=47..=94 symmetry=1 vars=467498 clauses=4572340
[info][goal=3] trying goal symmetry=1
[info][goal=3] range=41..=82 symmetry=1 vars=407834 clauses=3988678
[info][goal=56] trying goal symmetry=1
[info][goal=56] range=44..=88 symmetry=1 vars=437666 clauses=4280509
[info][goal=76] build single CNF with h=[47..=94] (start_discs=4, goal_discs=51)
[info][goal=76] this goal has 2 symmetric candidate(s) (from all 8 symmetries)
UNKNOWN
[info][goal=76] range=47..=94 symmetry=0 vars=467498 clauses=4572340
[info][goal=320] trying goal symmetry=1
[info][goal=320] range=47..=94 symmetry=1 vars=467498 clauses=4572340
[info][goal=76] trying goal symmetry=1
[info][goal=76] range=47..=94 symmetry=1 vars=467498 clauses=4572340
[info][goal=397] build single CNF with h=[37..=74] (start_discs=4, goal_discs=41)
[info][goal=397] this goal has 2 symmetric candidate(s) (from all 8 symmetries)
UNSAT
[info][goal=397] range=37..=74 symmetry=0 vars=368058 clauses=3599570
[info][goal=164] build single CNF with h=[49..=98] (start_discs=4, goal_discs=53)
[info][goal=164] this goal has 2 symmetric candidate(s) (from all 8 symmetries)
[163] SAT (H=42)
[163] Record: D3E3F2C3F5G1E2F4B2D2D1B3G5C2E1G4G2E6H4G3H2C5C6H6F6C7B6B5B7F7G7H7F8B8A7D7C8A2B1E8E7B4
[info][goal=164] range=49..=98 symmetry=0 vars=487386 clauses=4766894
[info][goal=77] build single CNF with h=[40..=80] (start_discs=4, goal_discs=44)
[info][goal=77] this goal has 2 symmetric candidate(s) (from all 8 symmetries)
UNSAT
[info][goal=77] range=40..=80 symmetry=0 vars=397890 clauses=3891401
[info][goal=164] trying goal symmetry=1
[info][goal=164] range=49..=98 symmetry=1 vars=487386 clauses=4766894
[info][goal=165] build single CNF with h=[46..=92] (start_discs=4, goal_discs=50)
[info][goal=165] this goal has 2 symmetric candidate(s) (from all 8 symmetries)
UNSAT
[info][goal=165] range=46..=92 symmetry=0 vars=457554 clauses=4475063
[info][goal=288] trying goal symmetry=1
[info][goal=288] range=52..=104 symmetry=1 vars=517218 clauses=5058725
[info][goal=397] trying goal symmetry=1
[info][goal=397] range=37..=74 symmetry=1 vars=368058 clauses=3599570
[info][goal=321] build single CNF with h=[47..=94] (start_discs=4, goal_discs=51)
[info][goal=321] this goal has 2 symmetric candidate(s) (from all 8 symmetries)
UNSAT
[info][goal=321] range=47..=94 symmetry=0 vars=467498 clauses=4572340
[info][goal=398] build single CNF with h=[48..=96] (start_discs=4, goal_discs=52)
[info][goal=398] this goal has 2 symmetric candidate(s) (from all 8 symmetries)
UNSAT
[info][goal=398] range=48..=96 symmetry=0 vars=477442 clauses=4669617
[info][goal=156] build single CNF with h=[45..=90] (start_discs=4, goal_discs=49)
[info][goal=156] this goal has 2 symmetric candidate(s) (from all 8 symmetries)
UNKNOWN
[info][goal=156] range=45..=90 symmetry=0 vars=447610 clauses=4377786
[info][goal=77] trying goal symmetry=1
[info][goal=77] range=40..=80 symmetry=1 vars=397890 clauses=3891401
[info][goal=321] trying goal symmetry=1
[info][goal=321] range=47..=94 symmetry=1 vars=467498 clauses=4572340
[info][goal=398] trying goal symmetry=1
[info][goal=398] range=48..=96 symmetry=1 vars=477442 clauses=4669617
[info][goal=182] build single CNF with h=[44..=88] (start_discs=4, goal_discs=48)
[info][goal=182] this goal has 2 symmetric candidate(s) (from all 8 symmetries)
UNSAT
[info][goal=182] range=44..=88 symmetry=0 vars=437666 clauses=4280509
[info][goal=364] trying goal symmetry=1
[info][goal=364] range=49..=98 symmetry=1 vars=487386 clauses=4766894
[info][goal=197] build single CNF with h=[51..=102] (start_discs=4, goal_discs=55)
[info][goal=197] this goal has 2 symmetric candidate(s) (from all 8 symmetries)
UNKNOWN
[info][goal=197] range=51..=102 symmetry=0 vars=507274 clauses=4961448
[info][goal=430] build single CNF with h=[46..=92] (start_discs=4, goal_discs=50)
[info][goal=430] this goal has 2 symmetric candidate(s) (from all 8 symmetries)
UNKNOWN
[info][goal=430] range=46..=92 symmetry=0 vars=457554 clauses=4475063
[info][goal=289] build single CNF with h=[50..=100] (start_discs=4, goal_discs=54)
[info][goal=289] this goal has 2 symmetric candidate(s) (from all 8 symmetries)
UNSAT
[info][goal=289] range=50..=100 symmetry=0 vars=497330 clauses=4864171
[info][goal=45] build single CNF with h=[43..=86] (start_discs=4, goal_discs=47)
[info][goal=45] this goal has 2 symmetric candidate(s) (from all 8 symmetries)
UNSAT
[info][goal=45] range=43..=86 symmetry=0 vars=427722 clauses=4183232
[info][goal=399] build single CNF with h=[44..=88] (start_discs=4, goal_discs=48)
[info][goal=399] this goal has 2 symmetric candidate(s) (from all 8 symmetries)
UNSAT
[info][goal=399] range=44..=88 symmetry=0 vars=437666 clauses=4280509
[info][goal=40] trying goal symmetry=1
[info][goal=40] range=50..=100 symmetry=1 vars=497330 clauses=4864171
[info][goal=78] build single CNF with h=[43..=86] (start_discs=4, goal_discs=47)
[info][goal=78] this goal has 2 symmetric candidate(s) (from all 8 symmetries)
UNSAT
[info][goal=78] range=43..=86 symmetry=0 vars=427722 clauses=4183232
[info][goal=322] build single CNF with h=[48..=96] (start_discs=4, goal_discs=52)
[info][goal=322] this goal has 2 symmetric candidate(s) (from all 8 symmetries)
UNSAT
[info][goal=322] range=48..=96 symmetry=0 vars=477442 clauses=4669617
[info][goal=399] trying goal symmetry=1
[info][goal=399] range=44..=88 symmetry=1 vars=437666 clauses=4280509
[info][goal=197] trying goal symmetry=1
[info][goal=197] range=51..=102 symmetry=1 vars=507274 clauses=4961448
[info][goal=45] trying goal symmetry=1
[info][goal=45] range=43..=86 symmetry=1 vars=427722 clauses=4183232
[info][goal=216] build single CNF with h=[42..=84] (start_discs=4, goal_discs=46)
[info][goal=216] this goal has 2 symmetric candidate(s) (from all 8 symmetries)
UNKNOWN
[info][goal=216] range=42..=84 symmetry=0 vars=417778 clauses=4085955
[info][goal=57] build single CNF with h=[42..=84] (start_discs=4, goal_discs=46)
[info][goal=57] this goal has 2 symmetric candidate(s) (from all 8 symmetries)
[56] SAT (H=44)
[56] Record: C4C5F6C3C6C7B3F5F4A2D6G4B2G6B6B1A3G7D3A5F3B5A4B7A7D2C8E2G5A6G3D7H8G8E6H3H7H5G2H4F1G1H2E1
[info][goal=57] range=42..=84 symmetry=0 vars=417778 clauses=4085955
[info][goal=400] build single CNF with h=[49..=98] (start_discs=4, goal_discs=53)
[info][goal=400] this goal has 2 symmetric candidate(s) (from all 8 symmetries)
UNSAT
[info][goal=400] range=49..=98 symmetry=0 vars=487386 clauses=4766894
[info][goal=46] build single CNF with h=[46..=92] (start_discs=4, goal_discs=50)
[info][goal=46] this goal has 2 symmetric candidate(s) (from all 8 symmetries)
UNSAT
[info][goal=46] range=46..=92 symmetry=0 vars=457554 clauses=4475063
[info][goal=78] trying goal symmetry=1
[info][goal=78] range=43..=86 symmetry=1 vars=427722 clauses=4183232
[info][goal=57] trying goal symmetry=1
[info][goal=57] range=42..=84 symmetry=1 vars=417778 clauses=4085955
[info][goal=198] build single CNF with h=[48..=96] (start_discs=4, goal_discs=52)
[info][goal=198] this goal has 2 symmetric candidate(s) (from all 8 symmetries)
UNSAT
[info][goal=198] range=48..=96 symmetry=0 vars=477442 clauses=4669617
[info][goal=289] trying goal symmetry=1
[info][goal=289] range=50..=100 symmetry=1 vars=497330 clauses=4864171
[info][goal=400] trying goal symmetry=1
[info][goal=400] range=49..=98 symmetry=1 vars=487386 clauses=4766894
[info][goal=322] trying goal symmetry=1
[info][goal=322] range=48..=96 symmetry=1 vars=477442 clauses=4669617
[info][goal=58] build single CNF with h=[49..=98] (start_discs=4, goal_discs=53)
[info][goal=58] this goal has 2 symmetric candidate(s) (from all 8 symmetries)
UNSAT
[info][goal=58] range=49..=98 symmetry=0 vars=487386 clauses=4766894
[info][goal=166] build single CNF with h=[51..=102] (start_discs=4, goal_discs=55)
[info][goal=166] this goal has 2 symmetric candidate(s) (from all 8 symmetries)
[165] SAT (H=46)
[165] Record: D3C5B6F3D6C2G2D7E3B4C6F2F5C7B5A4C8H2H1F6E2B7A8G6A6F1C3G4G5B2A1A7D8G1D2C1D1B1H3H5E6A2H6F7A3G7
[info][goal=166] range=51..=102 symmetry=0 vars=507274 clauses=4961448
[info][goal=46] trying goal symmetry=1
[info][goal=46] range=46..=92 symmetry=1 vars=457554 clauses=4475063
[info][goal=79] build single CNF with h=[44..=88] (start_discs=4, goal_discs=48)
[info][goal=79] this goal has 2 symmetric candidate(s) (from all 8 symmetries)
UNSAT
[info][goal=79] range=44..=88 symmetry=0 vars=437666 clauses=4280509
[info][goal=401] build single CNF with h=[43..=86] (start_discs=4, goal_discs=47)
[info][goal=401] this goal has 2 symmetric candidate(s) (from all 8 symmetries)
UNSAT
[info][goal=401] range=43..=86 symmetry=0 vars=427722 clauses=4183232
[info][goal=216] trying goal symmetry=1
[info][goal=216] range=42..=84 symmetry=1 vars=417778 clauses=4085955
[info][goal=4] build single CNF with h=[44..=88] (start_discs=4, goal_discs=48)
[info][goal=4] this goal has 2 symmetric candidate(s) (from all 8 symmetries)
UNKNOWN
[info][goal=4] range=44..=88 symmetry=0 vars=437666 clauses=4280509
[info][goal=4] trying goal symmetry=1
[info][goal=4] range=44..=88 symmetry=1 vars=437666 clauses=4280509
[info][goal=290] build single CNF with h=[50..=100] (start_discs=4, goal_discs=54)
[info][goal=290] this goal has 2 symmetric candidate(s) (from all 8 symmetries)
UNSAT
[info][goal=290] range=50..=100 symmetry=0 vars=497330 clauses=4864171
[info][goal=323] build single CNF with h=[39..=78] (start_discs=4, goal_discs=43)
[info][goal=323] this goal has 2 symmetric candidate(s) (from all 8 symmetries)
UNSAT
[info][goal=323] range=39..=78 symmetry=0 vars=387946 clauses=3794124
[info][goal=79] trying goal symmetry=1
[info][goal=79] range=44..=88 symmetry=1 vars=437666 clauses=4280509
[info][goal=47] build single CNF with h=[47..=94] (start_discs=4, goal_discs=51)
[info][goal=47] this goal has 2 symmetric candidate(s) (from all 8 symmetries)
UNSAT
[info][goal=47] range=47..=94 symmetry=0 vars=467498 clauses=4572340
[info][goal=5] build single CNF with h=[46..=92] (start_discs=4, goal_discs=50)
[info][goal=5] this goal has 2 symmetric candidate(s) (from all 8 symmetries)
UNSAT
[info][goal=5] range=46..=92 symmetry=0 vars=457554 clauses=4475063
[info][goal=401] trying goal symmetry=1
[info][goal=401] range=43..=86 symmetry=1 vars=427722 clauses=4183232
[info][goal=198] trying goal symmetry=1
[info][goal=198] range=48..=96 symmetry=1 vars=477442 clauses=4669617
[info][goal=217] build single CNF with h=[46..=92] (start_discs=4, goal_discs=50)
[info][goal=217] this goal has 2 symmetric candidate(s) (from all 8 symmetries)
UNSAT
[info][goal=217] range=46..=92 symmetry=0 vars=457554 clauses=4475063
[info][goal=47] trying goal symmetry=1
[info][goal=47] range=47..=94 symmetry=1 vars=467498 clauses=4572340
[info][goal=323] trying goal symmetry=1
[info][goal=323] range=39..=78 symmetry=1 vars=387946 clauses=3794124
[info][goal=183] build single CNF with h=[49..=98] (start_discs=4, goal_discs=53)
[info][goal=183] this goal has 2 symmetric candidate(s) (from all 8 symmetries)
[182] SAT (H=44)
[182] Record: F5F4D3C4C3G6C5C2F3B5F6G4B1E2C6B2H4B6H6G5A2B3F2G2F1E7G7H7D1B7A6G8H1G3A7E1H2E3F8A1D7D6B8A8
[info][goal=183] range=49..=98 symmetry=0 vars=487386 clauses=4766894
[info][goal=402] build single CNF with h=[46..=92] (start_discs=4, goal_discs=50)
[info][goal=402] this goal has 2 symmetric candidate(s) (from all 8 symmetries)
UNSAT
[info][goal=402] range=46..=92 symmetry=0 vars=457554 clauses=4475063
[info][goal=80] build single CNF with h=[44..=88] (start_discs=4, goal_discs=48)
[info][goal=80] this goal has 2 symmetric candidate(s) (from all 8 symmetries)
UNSAT
[info][goal=80] range=44..=88 symmetry=0 vars=437666 clauses=4280509
[info][goal=290] trying goal symmetry=1
[info][goal=290] range=50..=100 symmetry=1 vars=497330 clauses=4864171
[info][goal=5] trying goal symmetry=1
[info][goal=5] range=46..=92 symmetry=1 vars=457554 clauses=4475063
[info][goal=217] trying goal symmetry=1
[info][goal=217] range=46..=92 symmetry=1 vars=457554 clauses=4475063
[info][goal=156] trying goal symmetry=1
[info][goal=156] range=45..=90 symmetry=1 vars=447610 clauses=4377786
[info][goal=324] build single CNF with h=[46..=92] (start_discs=4, goal_discs=50)
[info][goal=324] this goal has 2 symmetric candidate(s) (from all 8 symmetries)
UNSAT
[info][goal=324] range=46..=92 symmetry=0 vars=457554 clauses=4475063
[info][goal=402] trying goal symmetry=1
[info][goal=402] range=46..=92 symmetry=1 vars=457554 clauses=4475063
[info][goal=199] build single CNF with h=[50..=100] (start_discs=4, goal_discs=54)
[info][goal=199] this goal has 2 symmetric candidate(s) (from all 8 symmetries)
UNSAT
[info][goal=199] range=50..=100 symmetry=0 vars=497330 clauses=4864171
[info][goal=48] build single CNF with h=[45..=90] (start_discs=4, goal_discs=49)
[info][goal=48] this goal has 2 symmetric candidate(s) (from all 8 symmetries)
UNSAT
[info][goal=48] range=45..=90 symmetry=0 vars=447610 clauses=4377786
[info][goal=365] build single CNF with h=[42..=84] (start_discs=4, goal_discs=46)
[info][goal=365] this goal has 2 symmetric candidate(s) (from all 8 symmetries)
UNKNOWN
[info][goal=365] range=42..=84 symmetry=0 vars=417778 clauses=4085955
[info][goal=80] trying goal symmetry=1
[info][goal=80] range=44..=88 symmetry=1 vars=437666 clauses=4280509
[info][goal=324] trying goal symmetry=1
[info][goal=324] range=46..=92 symmetry=1 vars=457554 clauses=4475063
[info][goal=291] build single CNF with h=[47..=94] (start_discs=4, goal_discs=51)
[info][goal=291] this goal has 2 symmetric candidate(s) (from all 8 symmetries)
UNSAT
[info][goal=291] range=47..=94 symmetry=0 vars=467498 clauses=4572340
UNSAT
[info][goal=6] build single CNF with h=[43..=86] (start_discs=4, goal_discs=47)
[info][goal=6] this goal has 2 symmetric candidate(s) (from all 8 symmetries)
[info][goal=6] range=43..=86 symmetry=0 vars=427722 clauses=4183232
[info][goal=48] trying goal symmetry=1
[info][goal=48] range=45..=90 symmetry=1 vars=447610 clauses=4377786
[info][goal=430] trying goal symmetry=1
[info][goal=430] range=46..=92 symmetry=1 vars=457554 clauses=4475063
[info][goal=41] build single CNF with h=[46..=92] (start_discs=4, goal_discs=50)
[info][goal=41] this goal has 2 symmetric candidate(s) (from all 8 symmetries)
UNKNOWN
[info][goal=41] range=46..=92 symmetry=0 vars=457554 clauses=4475063
[info][goal=218] build single CNF with h=[48..=96] (start_discs=4, goal_discs=52)
[info][goal=218] this goal has 2 symmetric candidate(s) (from all 8 symmetries)
UNSAT
[info][goal=218] range=48..=96 symmetry=0 vars=477442 clauses=4669617
[info][goal=403] build single CNF with h=[43..=86] (start_discs=4, goal_discs=47)
[info][goal=403] this goal has 2 symmetric candidate(s) (from all 8 symmetries)
UNSAT
[info][goal=403] range=43..=86 symmetry=0 vars=427722 clauses=4183232
[info][goal=365] trying goal symmetry=1
[info][goal=365] range=42..=84 symmetry=1 vars=417778 clauses=4085955
[info][goal=325] build single CNF with h=[47..=94] (start_discs=4, goal_discs=51)
[info][goal=325] this goal has 2 symmetric candidate(s) (from all 8 symmetries)
UNSAT
[info][goal=325] range=47..=94 symmetry=0 vars=467498 clauses=4572340
[info][goal=199] trying goal symmetry=1
[info][goal=199] range=50..=100 symmetry=1 vars=497330 clauses=4864171
[info][goal=325] trying goal symmetry=1
[info][goal=325] range=47..=94 symmetry=1 vars=467498 clauses=4572340
[info][goal=49] build single CNF with h=[42..=84] (start_discs=4, goal_discs=46)
[info][goal=49] this goal has 2 symmetric candidate(s) (from all 8 symmetries)
UNSAT
[info][goal=49] range=42..=84 symmetry=0 vars=417778 clauses=4085955
[info][goal=326] build single CNF with h=[43..=86] (start_discs=4, goal_discs=47)
[info][goal=326] this goal has 2 symmetric candidate(s) (from all 8 symmetries)
UNSAT
[info][goal=326] range=43..=86 symmetry=0 vars=427722 clauses=4183232
[info][goal=81] build single CNF with h=[45..=90] (start_discs=4, goal_discs=49)
[info][goal=81] this goal has 2 symmetric candidate(s) (from all 8 symmetries)
UNSAT
[info][goal=81] range=45..=90 symmetry=0 vars=447610 clauses=4377786
[info][goal=41] trying goal symmetry=1
[info][goal=41] range=46..=92 symmetry=1 vars=457554 clauses=4475063
[info][goal=366] build single CNF with h=[48..=96] (start_discs=4, goal_discs=52)
[info][goal=366] this goal has 2 symmetric candidate(s) (from all 8 symmetries)
UNSAT
[info][goal=366] range=48..=96 symmetry=0 vars=477442 clauses=4669617
[info][goal=291] trying goal symmetry=1
[info][goal=291] range=47..=94 symmetry=1 vars=467498 clauses=4572340
[info][goal=6] trying goal symmetry=1
[info][goal=6] range=43..=86 symmetry=1 vars=427722 clauses=4183232
[info][goal=218] trying goal symmetry=1
[info][goal=218] range=48..=96 symmetry=1 vars=477442 clauses=4669617
[info][goal=49] trying goal symmetry=1
[info][goal=49] range=42..=84 symmetry=1 vars=417778 clauses=4085955
[info][goal=200] build single CNF with h=[46..=92] (start_discs=4, goal_discs=50)
[info][goal=200] this goal has 2 symmetric candidate(s) (from all 8 symmetries)
UNSAT
[info][goal=200] range=46..=92 symmetry=0 vars=457554 clauses=4475063
[info][goal=292] build single CNF with h=[44..=88] (start_discs=4, goal_discs=48)
[info][goal=292] this goal has 2 symmetric candidate(s) (from all 8 symmetries)
UNSAT
[info][goal=292] range=44..=88 symmetry=0 vars=437666 clauses=4280509
[info][goal=81] trying goal symmetry=1
[info][goal=81] range=45..=90 symmetry=1 vars=447610 clauses=4377786
[info][goal=7] build single CNF with h=[42..=84] (start_discs=4, goal_discs=46)
[info][goal=7] this goal has 2 symmetric candidate(s) (from all 8 symmetries)
UNSAT
[info][goal=7] range=42..=84 symmetry=0 vars=417778 clauses=4085955
[info][goal=326] trying goal symmetry=1
[info][goal=326] range=43..=86 symmetry=1 vars=427722 clauses=4183232
[info][goal=42] build single CNF with h=[47..=94] (start_discs=4, goal_discs=51)
[info][goal=42] this goal has 2 symmetric candidate(s) (from all 8 symmetries)
UNSAT
[info][goal=42] range=47..=94 symmetry=0 vars=467498 clauses=4572340
[info][goal=219] build single CNF with h=[42..=84] (start_discs=4, goal_discs=46)
[info][goal=219] this goal has 2 symmetric candidate(s) (from all 8 symmetries)
UNSAT
[info][goal=219] range=42..=84 symmetry=0 vars=417778 clauses=4085955
[info][goal=50] build single CNF with h=[43..=86] (start_discs=4, goal_discs=47)
[info][goal=50] this goal has 2 symmetric candidate(s) (from all 8 symmetries)
UNSAT
[info][goal=50] range=43..=86 symmetry=0 vars=427722 clauses=4183232
[info][goal=200] trying goal symmetry=1
[info][goal=200] range=46..=92 symmetry=1 vars=457554 clauses=4475063
[info][goal=58] trying goal symmetry=1
[info][goal=58] range=49..=98 symmetry=1 vars=487386 clauses=4766894
[info][goal=7] trying goal symmetry=1
[info][goal=7] range=42..=84 symmetry=1 vars=417778 clauses=4085955
[info][goal=166] trying goal symmetry=1
[info][goal=166] range=51..=102 symmetry=1 vars=507274 clauses=4961448
[info][goal=292] trying goal symmetry=1
[info][goal=292] range=44..=88 symmetry=1 vars=437666 clauses=4280509
[info][goal=201] build single CNF with h=[44..=88] (start_discs=4, goal_discs=48)
[info][goal=201] this goal has 2 symmetric candidate(s) (from all 8 symmetries)
UNSAT
[info][goal=201] range=44..=88 symmetry=0 vars=437666 clauses=4280509
[info][goal=219] trying goal symmetry=1
[info][goal=219] range=42..=84 symmetry=1 vars=417778 clauses=4085955
[info][goal=403] trying goal symmetry=1
[info][goal=403] range=43..=86 symmetry=1 vars=427722 clauses=4183232
[info][goal=327] build single CNF with h=[47..=94] (start_discs=4, goal_discs=51)
[info][goal=327] this goal has 2 symmetric candidate(s) (from all 8 symmetries)
UNSAT
[info][goal=82] build single CNF with h=[49..=98] (start_discs=4, goal_discs=53)
[info][goal=82] this goal has 2 symmetric candidate(s) (from all 8 symmetries)
UNSAT
[info][goal=327] range=47..=94 symmetry=0 vars=467498 clauses=4572340
[info][goal=82] range=49..=98 symmetry=0 vars=487386 clauses=4766894
[info][goal=8] build single CNF with h=[42..=84] (start_discs=4, goal_discs=46)
[info][goal=8] this goal has 2 symmetric candidate(s) (from all 8 symmetries)
UNSAT
[info][goal=8] range=42..=84 symmetry=0 vars=417778 clauses=4085955
[info][goal=220] build single CNF with h=[41..=82] (start_discs=4, goal_discs=45)
[info][goal=220] this goal has 2 symmetric candidate(s) (from all 8 symmetries)
UNSAT
[info][goal=220] range=41..=82 symmetry=0 vars=407834 clauses=3988678
[info][goal=8] trying goal symmetry=1
[info][goal=8] range=42..=84 symmetry=1 vars=417778 clauses=4085955
[info][goal=293] build single CNF with h=[43..=86] (start_discs=4, goal_discs=47)
[info][goal=293] this goal has 2 symmetric candidate(s) (from all 8 symmetries)
UNSAT
[info][goal=293] range=43..=86 symmetry=0 vars=427722 clauses=4183232
[info][goal=183] trying goal symmetry=1
[info][goal=183] range=49..=98 symmetry=1 vars=487386 clauses=4766894
[info][goal=404] build single CNF with h=[40..=80] (start_discs=4, goal_discs=44)
[info][goal=404] this goal has 2 symmetric candidate(s) (from all 8 symmetries)
UNSAT
[info][goal=404] range=40..=80 symmetry=0 vars=397890 clauses=3891401
[info][goal=201] trying goal symmetry=1
[info][goal=201] range=44..=88 symmetry=1 vars=437666 clauses=4280509
[info][goal=220] trying goal symmetry=1
[info][goal=220] range=41..=82 symmetry=1 vars=407834 clauses=3988678
[info][goal=157] build single CNF with h=[45..=90] (start_discs=4, goal_discs=49)
[info][goal=157] this goal has 2 symmetric candidate(s) (from all 8 symmetries)
UNKNOWN
[info][goal=157] range=45..=90 symmetry=0 vars=447610 clauses=4377786
[info][goal=293] trying goal symmetry=1
[info][goal=293] range=43..=86 symmetry=1 vars=427722 clauses=4183232
[info][goal=404] trying goal symmetry=1
[info][goal=404] range=40..=80 symmetry=1 vars=397890 clauses=3891401
[info][goal=82] trying goal symmetry=1
[info][goal=82] range=49..=98 symmetry=1 vars=487386 clauses=4766894
[info][goal=9] build single CNF with h=[47..=94] (start_discs=4, goal_discs=51)
[info][goal=9] this goal has 2 symmetric candidate(s) (from all 8 symmetries)
UNSAT
[info][goal=9] range=47..=94 symmetry=0 vars=467498 clauses=4572340
[info][goal=294] build single CNF with h=[47..=94] (start_discs=4, goal_discs=51)
[info][goal=294] this goal has 2 symmetric candidate(s) (from all 8 symmetries)
UNSAT
[info][goal=294] range=47..=94 symmetry=0 vars=467498 clauses=4572340
[info][goal=405] build single CNF with h=[47..=94] (start_discs=4, goal_discs=51)
[info][goal=405] this goal has 2 symmetric candidate(s) (from all 8 symmetries)
UNSAT
[info][goal=405] range=47..=94 symmetry=0 vars=467498 clauses=4572340
[info][goal=431] build single CNF with h=[42..=84] (start_discs=4, goal_discs=46)
[info][goal=431] this goal has 2 symmetric candidate(s) (from all 8 symmetries)
UNKNOWN
[info][goal=431] range=42..=84 symmetry=0 vars=417778 clauses=4085955
[info][goal=221] build single CNF with h=[48..=96] (start_discs=4, goal_discs=52)
[info][goal=221] this goal has 2 symmetric candidate(s) (from all 8 symmetries)
UNSAT
[info][goal=221] range=48..=96 symmetry=0 vars=477442 clauses=4669617
[info][goal=202] build single CNF with h=[44..=88] (start_discs=4, goal_discs=48)
[info][goal=202] this goal has 2 symmetric candidate(s) (from all 8 symmetries)
UNSAT
[info][goal=202] range=44..=88 symmetry=0 vars=437666 clauses=4280509
[info][goal=157] trying goal symmetry=1
[info][goal=157] range=45..=90 symmetry=1 vars=447610 clauses=4377786
[info][goal=9] trying goal symmetry=1
[info][goal=9] range=47..=94 symmetry=1 vars=467498 clauses=4572340
[info][goal=294] trying goal symmetry=1
[info][goal=294] range=47..=94 symmetry=1 vars=467498 clauses=4572340
[info][goal=431] trying goal symmetry=1
[info][goal=431] range=42..=84 symmetry=1 vars=417778 clauses=4085955
[info][goal=405] trying goal symmetry=1
[info][goal=405] range=47..=94 symmetry=1 vars=467498 clauses=4572340
[info][goal=366] trying goal symmetry=1
[info][goal=366] range=48..=96 symmetry=1 vars=477442 clauses=4669617
[info][goal=10] build single CNF with h=[44..=88] (start_discs=4, goal_discs=48)
[info][goal=10] this goal has 2 symmetric candidate(s) (from all 8 symmetries)
UNSAT
[info][goal=10] range=44..=88 symmetry=0 vars=437666 clauses=4280509
[info][goal=158] build single CNF with h=[49..=98] (start_discs=4, goal_discs=53)
[info][goal=158] this goal has 2 symmetric candidate(s) (from all 8 symmetries)
UNSAT
[info][goal=158] range=49..=98 symmetry=0 vars=487386 clauses=4766894
[info][goal=432] build single CNF with h=[46..=92] (start_discs=4, goal_discs=50)
[info][goal=432] this goal has 2 symmetric candidate(s) (from all 8 symmetries)
UNSAT
[info][goal=432] range=46..=92 symmetry=0 vars=457554 clauses=4475063
[info][goal=295] build single CNF with h=[45..=90] (start_discs=4, goal_discs=49)
[info][goal=295] this goal has 2 symmetric candidate(s) (from all 8 symmetries)
UNSAT
[info][goal=295] range=45..=90 symmetry=0 vars=447610 clauses=4377786
[info][goal=202] trying goal symmetry=1
[info][goal=202] range=44..=88 symmetry=1 vars=437666 clauses=4280509
[info][goal=83] build single CNF with h=[48..=96] (start_discs=4, goal_discs=52)
[info][goal=83] this goal has 2 symmetric candidate(s) (from all 8 symmetries)
UNSAT
[info][goal=83] range=48..=96 symmetry=0 vars=477442 clauses=4669617
[info][goal=10] trying goal symmetry=1
[info][goal=10] range=44..=88 symmetry=1 vars=437666 clauses=4280509
[info][goal=295] trying goal symmetry=1
[info][goal=295] range=45..=90 symmetry=1 vars=447610 clauses=4377786
[info][goal=42] trying goal symmetry=1
[info][goal=42] range=47..=94 symmetry=1 vars=467498 clauses=4572340
[info][goal=432] trying goal symmetry=1
[info][goal=432] range=46..=92 symmetry=1 vars=457554 clauses=4475063
[info][goal=158] trying goal symmetry=1
[info][goal=158] range=49..=98 symmetry=1 vars=487386 clauses=4766894
[info][goal=50] trying goal symmetry=1
[info][goal=50] range=43..=86 symmetry=1 vars=427722 clauses=4183232
[info][goal=406] build single CNF with h=[47..=94] (start_discs=4, goal_discs=51)
[info][goal=406] this goal has 2 symmetric candidate(s) (from all 8 symmetries)
UNSAT
[info][goal=406] range=47..=94 symmetry=0 vars=467498 clauses=4572340
[info][goal=59] build single CNF with h=[45..=90] (start_discs=4, goal_discs=49)
[info][goal=59] this goal has 2 symmetric candidate(s) (from all 8 symmetries)
UNKNOWN
[info][goal=59] range=45..=90 symmetry=0 vars=447610 clauses=4377786
[info][goal=83] trying goal symmetry=1
[info][goal=203] build single CNF with h=[44..=88] (start_discs=4, goal_discs=48)
[info][goal=203] this goal has 2 symmetric candidate(s) (from all 8 symmetries)
UNSAT
[info][goal=83] range=48..=96 symmetry=1 vars=477442 clauses=4669617
[info][goal=203] range=44..=88 symmetry=0 vars=437666 clauses=4280509
[info][goal=167] build single CNF with h=[51..=102] (start_discs=4, goal_discs=55)
[info][goal=167] this goal has 2 symmetric candidate(s) (from all 8 symmetries)
UNKNOWN
[info][goal=167] range=51..=102 symmetry=0 vars=507274 clauses=4961448
[info][goal=11] build single CNF with h=[44..=88] (start_discs=4, goal_discs=48)
[info][goal=11] this goal has 2 symmetric candidate(s) (from all 8 symmetries)
UNSAT
[info][goal=11] range=44..=88 symmetry=0 vars=437666 clauses=4280509
[info][goal=433] build single CNF with h=[46..=92] (start_discs=4, goal_discs=50)
[info][goal=433] this goal has 2 symmetric candidate(s) (from all 8 symmetries)
UNSAT
[info][goal=433] range=46..=92 symmetry=0 vars=457554 clauses=4475063
[info][goal=296] build single CNF with h=[43..=86] (start_discs=4, goal_discs=47)
[info][goal=296] this goal has 2 symmetric candidate(s) (from all 8 symmetries)
UNSAT
[info][goal=296] range=43..=86 symmetry=0 vars=427722 clauses=4183232
[info][goal=106] build single CNF with h=[43..=86] (start_discs=4, goal_discs=47)
[info][goal=106] this goal has 2 symmetric candidate(s) (from all 8 symmetries)
UNSAT
[info][goal=106] range=43..=86 symmetry=0 vars=427722 clauses=4183232
[info][goal=203] trying goal symmetry=1
[info][goal=203] range=44..=88 symmetry=1 vars=437666 clauses=4280509
[info][goal=327] trying goal symmetry=1
[info][goal=327] range=47..=94 symmetry=1 vars=467498 clauses=4572340
[info][goal=11] trying goal symmetry=1
[info][goal=11] range=44..=88 symmetry=1 vars=437666 clauses=4280509
[info][goal=106] trying goal symmetry=1
[info][goal=106] range=43..=86 symmetry=1 vars=427722 clauses=4183232
[info][goal=167] trying goal symmetry=1
[info][goal=167] range=51..=102 symmetry=1 vars=507274 clauses=4961448
[info][goal=204] build single CNF with h=[42..=84] (start_discs=4, goal_discs=46)
[info][goal=204] this goal has 2 symmetric candidate(s) (from all 8 symmetries)
UNSAT
[info][goal=204] range=42..=84 symmetry=0 vars=417778 clauses=4085955
[info][goal=107] build single CNF with h=[44..=88] (start_discs=4, goal_discs=48)
[info][goal=107] this goal has 2 symmetric candidate(s) (from all 8 symmetries)
UNSAT
[info][goal=107] range=44..=88 symmetry=0 vars=437666 clauses=4280509
[info][goal=12] build single CNF with h=[44..=88] (start_discs=4, goal_discs=48)
[info][goal=12] this goal has 2 symmetric candidate(s) (from all 8 symmetries)
UNSAT
[info][goal=12] range=44..=88 symmetry=0 vars=437666 clauses=4280509
[info][goal=184] build single CNF with h=[43..=86] (start_discs=4, goal_discs=47)
[info][goal=184] this goal has 2 symmetric candidate(s) (from all 8 symmetries)
UNKNOWN
[info][goal=184] range=43..=86 symmetry=0 vars=427722 clauses=4183232
[info][goal=184] trying goal symmetry=1
[info][goal=184] range=43..=86 symmetry=1 vars=427722 clauses=4183232
[info][goal=406] trying goal symmetry=1
[info][goal=406] range=47..=94 symmetry=1 vars=467498 clauses=4572340
[info][goal=204] trying goal symmetry=1
[info][goal=204] range=42..=84 symmetry=1 vars=417778 clauses=4085955
[info][goal=84] build single CNF with h=[42..=84] (start_discs=4, goal_discs=46)
[info][goal=84] this goal has 2 symmetric candidate(s) (from all 8 symmetries)
UNSAT
[info][goal=84] range=42..=84 symmetry=0 vars=417778 clauses=4085955
[info][goal=107] trying goal symmetry=1
[info][goal=107] range=44..=88 symmetry=1 vars=437666 clauses=4280509
[info][goal=185] build single CNF with h=[37..=74] (start_discs=4, goal_discs=41)
[info][goal=185] this goal has 2 symmetric candidate(s) (from all 8 symmetries)
UNSAT
[info][goal=185] range=37..=74 symmetry=0 vars=368058 clauses=3599570
[info][goal=328] build single CNF with h=[38..=76] (start_discs=4, goal_discs=42)
[info][goal=328] this goal has 2 symmetric candidate(s) (from all 8 symmetries)
[327] SAT (H=47)
[327] Record: D3E3F5E6F6C4E2F2C5F1G1H1C3B5C2G6D2B6H7G4F4B1A7D6G7B2A2B7C7D8E7G3A5F8D7A6E8D1B3B4H2H8C1H6A1H4H3
[info][goal=328] range=38..=76 symmetry=0 vars=378002 clauses=3696847
[info][goal=328] trying goal symmetry=1
[info][goal=328] range=38..=76 symmetry=1 vars=378002 clauses=3696847
[info][goal=329] build single CNF with h=[44..=88] (start_discs=4, goal_discs=48)
[info][goal=329] this goal has 2 symmetric candidate(s) (from all 8 symmetries)
UNSAT
[info][goal=329] range=44..=88 symmetry=0 vars=437666 clauses=4280509
[info][goal=108] build single CNF with h=[44..=88] (start_discs=4, goal_discs=48)
[info][goal=108] this goal has 2 symmetric candidate(s) (from all 8 symmetries)
UNSAT
[info][goal=108] range=44..=88 symmetry=0 vars=437666 clauses=4280509
[info][goal=205] build single CNF with h=[48..=96] (start_discs=4, goal_discs=52)
[info][goal=205] this goal has 2 symmetric candidate(s) (from all 8 symmetries)
UNSAT
[info][goal=205] range=48..=96 symmetry=0 vars=477442 clauses=4669617
[info][goal=185] trying goal symmetry=1
[info][goal=185] range=37..=74 symmetry=1 vars=368058 clauses=3599570
[info][goal=12] trying goal symmetry=1
[info][goal=12] range=44..=88 symmetry=1 vars=437666 clauses=4280509
[info][goal=221] trying goal symmetry=1
[info][goal=221] range=48..=96 symmetry=1 vars=477442 clauses=4669617
[info][goal=84] trying goal symmetry=1
[info][goal=84] range=42..=84 symmetry=1 vars=417778 clauses=4085955
[info][goal=407] build single CNF with h=[45..=90] (start_discs=4, goal_discs=49)
[info][goal=407] this goal has 2 symmetric candidate(s) (from all 8 symmetries)
UNSAT
[info][goal=407] range=45..=90 symmetry=0 vars=447610 clauses=4377786
[info][goal=186] build single CNF with h=[46..=92] (start_discs=4, goal_discs=50)
[info][goal=186] this goal has 2 symmetric candidate(s) (from all 8 symmetries)
UNSAT
[info][goal=186] range=46..=92 symmetry=0 vars=457554 clauses=4475063
[info][goal=329] trying goal symmetry=1
[info][goal=329] range=44..=88 symmetry=1 vars=437666 clauses=4280509
[info][goal=108] trying goal symmetry=1
[info][goal=108] range=44..=88 symmetry=1 vars=437666 clauses=4280509
[info][goal=367] build single CNF with h=[45..=90] (start_discs=4, goal_discs=49)
[info][goal=367] this goal has 2 symmetric candidate(s) (from all 8 symmetries)
UNKNOWN
[info][goal=367] range=45..=90 symmetry=0 vars=447610 clauses=4377786
[info][goal=205] trying goal symmetry=1
[info][goal=205] range=48..=96 symmetry=1 vars=477442 clauses=4669617
[info][goal=186] trying goal symmetry=1
[info][goal=330] build single CNF with h=[47..=94] (start_discs=4, goal_discs=51)
[info][goal=330] this goal has 2 symmetric candidate(s) (from all 8 symmetries)
UNSAT
[info][goal=186] range=46..=92 symmetry=1 vars=457554 clauses=4475063
[info][goal=330] range=47..=94 symmetry=0 vars=467498 clauses=4572340
[info][goal=168] build single CNF with h=[44..=88] (start_discs=4, goal_discs=48)
[info][goal=168] this goal has 2 symmetric candidate(s) (from all 8 symmetries)
UNSAT
[info][goal=168] range=44..=88 symmetry=0 vars=437666 clauses=4280509
[info][goal=407] trying goal symmetry=1
[info][goal=407] range=45..=90 symmetry=1 vars=447610 clauses=4377786
[info][goal=85] build single CNF with h=[48..=96] (start_discs=4, goal_discs=52)
[info][goal=85] this goal has 2 symmetric candidate(s) (from all 8 symmetries)
UNSAT
[info][goal=85] range=48..=96 symmetry=0 vars=477442 clauses=4669617
[info][goal=13] build single CNF with h=[43..=86] (start_discs=4, goal_discs=47)
[info][goal=13] this goal has 2 symmetric candidate(s) (from all 8 symmetries)
UNSAT
[info][goal=13] range=43..=86 symmetry=0 vars=427722 clauses=4183232
[info][goal=206] build single CNF with h=[44..=88] (start_discs=4, goal_discs=48)
[info][goal=206] this goal has 2 symmetric candidate(s) (from all 8 symmetries)
UNSAT
[info][goal=206] range=44..=88 symmetry=0 vars=437666 clauses=4280509
[info][goal=109] build single CNF with h=[44..=88] (start_discs=4, goal_discs=48)
[info][goal=109] this goal has 2 symmetric candidate(s) (from all 8 symmetries)
UNSAT
[info][goal=109] range=44..=88 symmetry=0 vars=437666 clauses=4280509
[info][goal=187] build single CNF with h=[44..=88] (start_discs=4, goal_discs=48)
[info][goal=187] this goal has 2 symmetric candidate(s) (from all 8 symmetries)
UNSAT
[info][goal=187] range=44..=88 symmetry=0 vars=437666 clauses=4280509
[info][goal=43] build single CNF with h=[48..=96] (start_discs=4, goal_discs=52)
[info][goal=43] this goal has 2 symmetric candidate(s) (from all 8 symmetries)
UNKNOWN
[info][goal=43] range=48..=96 symmetry=0 vars=477442 clauses=4669617
[info][goal=408] build single CNF with h=[50..=100] (start_discs=4, goal_discs=54)
[info][goal=408] this goal has 2 symmetric candidate(s) (from all 8 symmetries)
UNSAT
[info][goal=408] range=50..=100 symmetry=0 vars=497330 clauses=4864171
[info][goal=51] build single CNF with h=[48..=96] (start_discs=4, goal_discs=52)
[info][goal=51] this goal has 2 symmetric candidate(s) (from all 8 symmetries)
UNKNOWN
[info][goal=51] range=48..=96 symmetry=0 vars=477442 clauses=4669617
[info][goal=59] trying goal symmetry=1
[info][goal=59] range=45..=90 symmetry=1 vars=447610 clauses=4377786
[info][goal=168] trying goal symmetry=1
[info][goal=168] range=44..=88 symmetry=1 vars=437666 clauses=4280509
[info][goal=367] trying goal symmetry=1
[info][goal=367] range=45..=90 symmetry=1 vars=447610 clauses=4377786
[info][goal=206] trying goal symmetry=1
[info][goal=206] range=44..=88 symmetry=1 vars=437666 clauses=4280509
[info][goal=187] trying goal symmetry=1
[info][goal=187] range=44..=88 symmetry=1 vars=437666 clauses=4280509
[info][goal=109] trying goal symmetry=1
[info][goal=109] range=44..=88 symmetry=1 vars=437666 clauses=4280509
[info][goal=433] trying goal symmetry=1
[info][goal=433] range=46..=92 symmetry=1 vars=457554 clauses=4475063
[info][goal=43] trying goal symmetry=1
[info][goal=43] range=48..=96 symmetry=1 vars=477442 clauses=4669617
[info][goal=13] trying goal symmetry=1
[info][goal=13] range=43..=86 symmetry=1 vars=427722 clauses=4183232
[info][goal=296] trying goal symmetry=1
[info][goal=296] range=43..=86 symmetry=1 vars=427722 clauses=4183232
[info][goal=169] build single CNF with h=[46..=92] (start_discs=4, goal_discs=50)
[info][goal=169] this goal has 2 symmetric candidate(s) (from all 8 symmetries)
UNSAT
[info][goal=169] range=46..=92 symmetry=0 vars=457554 clauses=4475063
[info][goal=110] build single CNF with h=[41..=82] (start_discs=4, goal_discs=45)
[info][goal=110] this goal has 2 symmetric candidate(s) (from all 8 symmetries)
UNSAT
[info][goal=110] range=41..=82 symmetry=0 vars=407834 clauses=3988678
[info][goal=188] build single CNF with h=[44..=88] (start_discs=4, goal_discs=48)
[info][goal=188] this goal has 2 symmetric candidate(s) (from all 8 symmetries)
UNSAT
[info][goal=188] range=44..=88 symmetry=0 vars=437666 clauses=4280509
[info][goal=372] build single CNF with h=[48..=96] (start_discs=4, goal_discs=52)
[info][goal=372] this goal has 2 symmetric candidate(s) (from all 8 symmetries)
UNSAT
[info][goal=372] range=48..=96 symmetry=0 vars=477442 clauses=4669617
[info][goal=169] trying goal symmetry=1
[info][goal=169] range=46..=92 symmetry=1 vars=457554 clauses=4475063
[info][goal=14] build single CNF with h=[48..=96] (start_discs=4, goal_discs=52)
[info][goal=14] this goal has 2 symmetric candidate(s) (from all 8 symmetries)
UNSAT
[info][goal=14] range=48..=96 symmetry=0 vars=477442 clauses=4669617
[info][goal=207] build single CNF with h=[43..=86] (start_discs=4, goal_discs=47)
[info][goal=207] this goal has 2 symmetric candidate(s) (from all 8 symmetries)
UNSAT
[info][goal=207] range=43..=86 symmetry=0 vars=427722 clauses=4183232
[info][goal=110] trying goal symmetry=1
[info][goal=110] range=41..=82 symmetry=1 vars=407834 clauses=3988678
[info][goal=188] trying goal symmetry=1
[info][goal=188] range=44..=88 symmetry=1 vars=437666 clauses=4280509
[info][goal=170] build single CNF with h=[48..=96] (start_discs=4, goal_discs=52)
[info][goal=170] this goal has 2 symmetric candidate(s) (from all 8 symmetries)
UNSAT
[info][goal=170] range=48..=96 symmetry=0 vars=477442 clauses=4669617
[info][goal=372] trying goal symmetry=1
[info][goal=372] range=48..=96 symmetry=1 vars=477442 clauses=4669617
[info][goal=368] build single CNF with h=[48..=96] (start_discs=4, goal_discs=52)
[info][goal=368] this goal has 2 symmetric candidate(s) (from all 8 symmetries)
UNSAT
[info][goal=368] range=48..=96 symmetry=0 vars=477442 clauses=4669617
[info][goal=111] build single CNF with h=[48..=96] (start_discs=4, goal_discs=52)
[info][goal=111] this goal has 2 symmetric candidate(s) (from all 8 symmetries)
UNSAT
[info][goal=111] range=48..=96 symmetry=0 vars=477442 clauses=4669617
[info][goal=60] build single CNF with h=[46..=92] (start_discs=4, goal_discs=50)
[info][goal=60] this goal has 2 symmetric candidate(s) (from all 8 symmetries)
[59] SAT (H=45)
[59] Record: C4C5F6D3E6F4G3G4B5E7F3G7F7G2H7A6H1G8H3G1D7E8B3A2C2D1C3B4F8G5H5F2A4B2B6A5C1B1F1E3A1F5A7H8D8
[info][goal=60] range=46..=92 symmetry=0 vars=457554 clauses=4475063
[info][goal=189] build single CNF with h=[43..=86] (start_discs=4, goal_discs=47)
[info][goal=189] this goal has 2 symmetric candidate(s) (from all 8 symmetries)
UNSAT
[info][goal=189] range=43..=86 symmetry=0 vars=427722 clauses=4183232
[info][goal=373] build single CNF with h=[46..=92] (start_discs=4, goal_discs=50)
[info][goal=373] this goal has 2 symmetric candidate(s) (from all 8 symmetries)
UNSAT
[info][goal=373] range=46..=92 symmetry=0 vars=457554 clauses=4475063
[info][goal=189] trying goal symmetry=1
[info][goal=189] range=43..=86 symmetry=1 vars=427722 clauses=4183232
[info][goal=170] trying goal symmetry=1
[info][goal=170] range=48..=96 symmetry=1 vars=477442 clauses=4669617
[info][goal=60] trying goal symmetry=1
[info][goal=60] range=46..=92 symmetry=1 vars=457554 clauses=4475063
[info][goal=222] build single CNF with h=[46..=92] (start_discs=4, goal_discs=50)
[info][goal=222] this goal has 2 symmetric candidate(s) (from all 8 symmetries)
UNKNOWN
[info][goal=222] range=46..=92 symmetry=0 vars=457554 clauses=4475063
[info][goal=111] trying goal symmetry=1
[info][goal=111] range=48..=96 symmetry=1 vars=477442 clauses=4669617
[info][goal=368] trying goal symmetry=1
[info][goal=368] range=48..=96 symmetry=1 vars=477442 clauses=4669617
[info][goal=61] build single CNF with h=[46..=92] (start_discs=4, goal_discs=50)
[info][goal=61] this goal has 2 symmetric candidate(s) (from all 8 symmetries)
UNSAT
[info][goal=61] range=46..=92 symmetry=0 vars=457554 clauses=4475063
[info][goal=222] trying goal symmetry=1
[info][goal=222] range=46..=92 symmetry=1 vars=457554 clauses=4475063
[info][goal=190] build single CNF with h=[43..=86] (start_discs=4, goal_discs=47)
[info][goal=190] this goal has 2 symmetric candidate(s) (from all 8 symmetries)
UNSAT
[info][goal=190] range=43..=86 symmetry=0 vars=427722 clauses=4183232
[info][goal=330] trying goal symmetry=1
[info][goal=330] range=47..=94 symmetry=1 vars=467498 clauses=4572340
[info][goal=112] build single CNF with h=[47..=94] (start_discs=4, goal_discs=51)
[info][goal=112] this goal has 2 symmetric candidate(s) (from all 8 symmetries)
UNSAT
[info][goal=112] range=47..=94 symmetry=0 vars=467498 clauses=4572340
[info][goal=369] build single CNF with h=[49..=98] (start_discs=4, goal_discs=53)
[info][goal=369] this goal has 2 symmetric candidate(s) (from all 8 symmetries)
UNSAT
[info][goal=369] range=49..=98 symmetry=0 vars=487386 clauses=4766894
[info][goal=223] build single CNF with h=[47..=94] (start_discs=4, goal_discs=51)
[info][goal=223] this goal has 2 symmetric candidate(s) (from all 8 symmetries)
UNSAT
[info][goal=223] range=47..=94 symmetry=0 vars=467498 clauses=4572340
[info][goal=85] trying goal symmetry=1
[info][goal=85] range=48..=96 symmetry=1 vars=477442 clauses=4669617
[info][goal=207] trying goal symmetry=1
[info][goal=207] range=43..=86 symmetry=1 vars=427722 clauses=4183232
[info][goal=408] trying goal symmetry=1
[info][goal=408] range=50..=100 symmetry=1 vars=497330 clauses=4864171
[info][goal=51] trying goal symmetry=1
[info][goal=51] range=48..=96 symmetry=1 vars=477442 clauses=4669617
[info][goal=171] build single CNF with h=[50..=100] (start_discs=4, goal_discs=54)
[info][goal=171] this goal has 2 symmetric candidate(s) (from all 8 symmetries)
UNSAT
[info][goal=171] range=50..=100 symmetry=0 vars=497330 clauses=4864171
[info][goal=434] build single CNF with h=[44..=88] (start_discs=4, goal_discs=48)
[info][goal=434] this goal has 2 symmetric candidate(s) (from all 8 symmetries)
UNKNOWN
[info][goal=434] range=44..=88 symmetry=0 vars=437666 clauses=4280509
[info][goal=297] build single CNF with h=[47..=94] (start_discs=4, goal_discs=51)
[info][goal=297] this goal has 2 symmetric candidate(s) (from all 8 symmetries)
UNKNOWN
[info][goal=297] range=47..=94 symmetry=0 vars=467498 clauses=4572340
[info][goal=14] trying goal symmetry=1
[info][goal=14] range=48..=96 symmetry=1 vars=477442 clauses=4669617
[info][goal=434] trying goal symmetry=1
[info][goal=434] range=44..=88 symmetry=1 vars=437666 clauses=4280509
[info][goal=171] trying goal symmetry=1
[info][goal=171] range=50..=100 symmetry=1 vars=497330 clauses=4864171
[info][goal=435] build single CNF with h=[40..=80] (start_discs=4, goal_discs=44)
[info][goal=435] this goal has 2 symmetric candidate(s) (from all 8 symmetries)
UNSAT
[info][goal=435] range=40..=80 symmetry=0 vars=397890 clauses=3891401
[info][goal=373] trying goal symmetry=1
[info][goal=373] range=46..=92 symmetry=1 vars=457554 clauses=4475063
[info][goal=86] build single CNF with h=[46..=92] (start_discs=4, goal_discs=50)
[info][goal=86] this goal has 2 symmetric candidate(s) (from all 8 symmetries)
[85] SAT (H=48)
[85] Record: D3C3B3B2B1D2C4C5F6A1B6A3C2E3E2D1C1F2F1G7G2G1H1H2G3E1F4G4E6B5G6F7E8H6H7B7A7C6A8C7A5F8H8D8G8A6D7A4
[info][goal=86] range=46..=92 symmetry=0 vars=457554 clauses=4475063
[info][goal=417] build single CNF with h=[43..=86] (start_discs=4, goal_discs=47)
[info][goal=417] this goal has 2 symmetric candidate(s) (from all 8 symmetries)
[61] SAT (H=46)
[61] Record: F5D6C4F4F6D3C7D7G4B5C2G7D8B8B7F3G2B1G3H2B3E7A6G1H1A7C8A5F7F8A8G5G6H3D2E2D1H5E3C1A1B2A3H7B4A2
[info][goal=417] range=43..=86 symmetry=0 vars=427722 clauses=4183232
[info][goal=86] trying goal symmetry=1
[info][goal=86] range=46..=92 symmetry=1 vars=457554 clauses=4475063
[info][goal=208] build single CNF with h=[42..=84] (start_discs=4, goal_discs=46)
[info][goal=208] this goal has 2 symmetric candidate(s) (from all 8 symmetries)
UNSAT
[info][goal=208] range=42..=84 symmetry=0 vars=417778 clauses=4085955
[info][goal=435] trying goal symmetry=1
[info][goal=435] range=40..=80 symmetry=1 vars=397890 clauses=3891401
[info][goal=190] trying goal symmetry=1
[info][goal=190] range=43..=86 symmetry=1 vars=427722 clauses=4183232
[info][goal=172] build single CNF with h=[48..=96] (start_discs=4, goal_discs=52)
[info][goal=172] this goal has 2 symmetric candidate(s) (from all 8 symmetries)
UNSAT
[info][goal=172] range=48..=96 symmetry=0 vars=477442 clauses=4669617
[info][goal=331] build single CNF with h=[47..=94] (start_discs=4, goal_discs=51)
[info][goal=331] this goal has 2 symmetric candidate(s) (from all 8 symmetries)
UNKNOWN
[info][goal=331] range=47..=94 symmetry=0 vars=467498 clauses=4572340
[info][goal=112] trying goal symmetry=1
[info][goal=112] range=47..=94 symmetry=1 vars=467498 clauses=4572340
[info][goal=369] trying goal symmetry=1
[info][goal=369] range=49..=98 symmetry=1 vars=487386 clauses=4766894
[info][goal=87] build single CNF with h=[48..=96] (start_discs=4, goal_discs=52)
[info][goal=87] this goal has 2 symmetric candidate(s) (from all 8 symmetries)
UNSAT
[info][goal=87] range=48..=96 symmetry=0 vars=477442 clauses=4669617
[info][goal=436] build single CNF with h=[49..=98] (start_discs=4, goal_discs=53)
[info][goal=436] this goal has 2 symmetric candidate(s) (from all 8 symmetries)
UNSAT
[info][goal=436] range=49..=98 symmetry=0 vars=487386 clauses=4766894
[info][goal=223] trying goal symmetry=1
[info][goal=223] range=47..=94 symmetry=1 vars=467498 clauses=4572340
[info][goal=417] trying goal symmetry=1
[info][goal=417] range=43..=86 symmetry=1 vars=427722 clauses=4183232
[info][goal=208] trying goal symmetry=1
[info][goal=208] range=42..=84 symmetry=1 vars=417778 clauses=4085955
[info][goal=172] trying goal symmetry=1
[info][goal=172] range=48..=96 symmetry=1 vars=477442 clauses=4669617
[info][goal=409] build single CNF with h=[45..=90] (start_discs=4, goal_discs=49)
[info][goal=409] this goal has 2 symmetric candidate(s) (from all 8 symmetries)
UNKNOWN
[info][goal=409] range=45..=90 symmetry=0 vars=447610 clauses=4377786
[info][goal=331] trying goal symmetry=1
[info][goal=331] range=47..=94 symmetry=1 vars=467498 clauses=4572340
[info][goal=52] build single CNF with h=[45..=90] (start_discs=4, goal_discs=49)
[info][goal=52] this goal has 2 symmetric candidate(s) (from all 8 symmetries)
UNKNOWN
[info][goal=52] range=45..=90 symmetry=0 vars=447610 clauses=4377786
[info][goal=209] build single CNF with h=[45..=90] (start_discs=4, goal_discs=49)
[info][goal=209] this goal has 2 symmetric candidate(s) (from all 8 symmetries)
UNSAT
[info][goal=209] range=45..=90 symmetry=0 vars=447610 clauses=4377786
[info][goal=173] build single CNF with h=[48..=96] (start_discs=4, goal_discs=52)
[info][goal=173] this goal has 2 symmetric candidate(s) (from all 8 symmetries)
UNSAT
[info][goal=173] range=48..=96 symmetry=0 vars=477442 clauses=4669617
[info][goal=418] build single CNF with h=[44..=88] (start_discs=4, goal_discs=48)
[info][goal=418] this goal has 2 symmetric candidate(s) (from all 8 symmetries)
UNSAT
[info][goal=418] range=44..=88 symmetry=0 vars=437666 clauses=4280509
[info][goal=409] trying goal symmetry=1
[info][goal=409] range=45..=90 symmetry=1 vars=447610 clauses=4377786
[info][goal=297] trying goal symmetry=1
[info][goal=297] range=47..=94 symmetry=1 vars=467498 clauses=4572340
[info][goal=374] build single CNF with h=[45..=90] (start_discs=4, goal_discs=49)
[info][goal=374] this goal has 2 symmetric candidate(s) (from all 8 symmetries)
[373] SAT (H=46)
[373] Record: E6F6F5F4G6D7F3D6C7G7C4C6B7G5H8A7H7G2B6G8E3D2H1A5C8B4B3F2F1B2A4A3A2A1A6G3C1F7D3E7F8G4H2G1B1E8
[info][goal=374] range=45..=90 symmetry=0 vars=447610 clauses=4377786
[info][goal=52] trying goal symmetry=1
[info][goal=52] range=45..=90 symmetry=1 vars=447610 clauses=4377786
[info][goal=410] build single CNF with h=[44..=88] (start_discs=4, goal_discs=48)
[info][goal=410] this goal has 2 symmetric candidate(s) (from all 8 symmetries)
UNSAT
[info][goal=410] range=44..=88 symmetry=0 vars=437666 clauses=4280509
[info][goal=332] build single CNF with h=[48..=96] (start_discs=4, goal_discs=52)
[info][goal=332] this goal has 2 symmetric candidate(s) (from all 8 symmetries)
UNSAT
[info][goal=332] range=48..=96 symmetry=0 vars=477442 clauses=4669617
[info][goal=15] build single CNF with h=[49..=98] (start_discs=4, goal_discs=53)
[info][goal=15] this goal has 2 symmetric candidate(s) (from all 8 symmetries)
UNKNOWN
[info][goal=15] range=49..=98 symmetry=0 vars=487386 clauses=4766894
[info][goal=374] trying goal symmetry=1
[info][goal=374] range=45..=90 symmetry=1 vars=447610 clauses=4377786
[info][goal=497] build single CNF with h=[44..=88] (start_discs=4, goal_discs=48)
[info][goal=497] this goal has 2 symmetric candidate(s) (from all 8 symmetries)
UNSAT
[info][goal=497] range=44..=88 symmetry=0 vars=437666 clauses=4280509
[info][goal=15] trying goal symmetry=1
[info][goal=15] range=49..=98 symmetry=1 vars=487386 clauses=4766894
[info][goal=497] trying goal symmetry=1
[info][goal=497] range=44..=88 symmetry=1 vars=437666 clauses=4280509
[info][goal=332] trying goal symmetry=1
[info][goal=332] range=48..=96 symmetry=1 vars=477442 clauses=4669617
[info][goal=375] build single CNF with h=[52..=104] (start_discs=4, goal_discs=56)
[info][goal=375] this goal has 2 symmetric candidate(s) (from all 8 symmetries)
UNSAT
[info][goal=375] range=52..=104 symmetry=0 vars=517218 clauses=5058725
[info][goal=16] build single CNF with h=[46..=92] (start_discs=4, goal_discs=50)
[info][goal=16] this goal has 2 symmetric candidate(s) (from all 8 symmetries)
UNSAT
[info][goal=16] range=46..=92 symmetry=0 vars=457554 clauses=4475063
[info][goal=410] trying goal symmetry=1
[info][goal=410] range=44..=88 symmetry=1 vars=437666 clauses=4280509
[info][goal=498] build single CNF with h=[41..=82] (start_discs=4, goal_discs=45)
[info][goal=498] this goal has 2 symmetric candidate(s) (from all 8 symmetries)
UNSAT
[info][goal=498] range=41..=82 symmetry=0 vars=407834 clauses=3988678
[info][goal=333] build single CNF with h=[44..=88] (start_discs=4, goal_discs=48)
[info][goal=333] this goal has 2 symmetric candidate(s) (from all 8 symmetries)
UNSAT
[info][goal=333] range=44..=88 symmetry=0 vars=437666 clauses=4280509
[info][goal=498] trying goal symmetry=1
[info][goal=498] range=41..=82 symmetry=1 vars=407834 clauses=3988678
[info][goal=499] build single CNF with h=[44..=88] (start_discs=4, goal_discs=48)
[info][goal=499] this goal has 2 symmetric candidate(s) (from all 8 symmetries)
UNSAT
[info][goal=499] range=44..=88 symmetry=0 vars=437666 clauses=4280509
[info][goal=191] build single CNF with h=[48..=96] (start_discs=4, goal_discs=52)
[info][goal=191] this goal has 2 symmetric candidate(s) (from all 8 symmetries)
UNKNOWN
[info][goal=191] range=48..=96 symmetry=0 vars=477442 clauses=4669617
[info][goal=411] build single CNF with h=[42..=84] (start_discs=4, goal_discs=46)
[info][goal=411] this goal has 2 symmetric candidate(s) (from all 8 symmetries)
UNSAT
[info][goal=411] range=42..=84 symmetry=0 vars=417778 clauses=4085955
[info][goal=411] trying goal symmetry=1
[info][goal=411] range=42..=84 symmetry=1 vars=417778 clauses=4085955
[info][goal=113] build single CNF with h=[46..=92] (start_discs=4, goal_discs=50)
[info][goal=113] this goal has 2 symmetric candidate(s) (from all 8 symmetries)
UNKNOWN
[info][goal=113] range=46..=92 symmetry=0 vars=457554 clauses=4475063
[info][goal=412] build single CNF with h=[42..=84] (start_discs=4, goal_discs=46)
[info][goal=412] this goal has 2 symmetric candidate(s) (from all 8 symmetries)
UNSAT
[info][goal=412] range=42..=84 symmetry=0 vars=417778 clauses=4085955
[info][goal=16] trying goal symmetry=1
[info][goal=16] range=46..=92 symmetry=1 vars=457554 clauses=4475063
[info][goal=370] build single CNF with h=[50..=100] (start_discs=4, goal_discs=54)
[info][goal=370] this goal has 2 symmetric candidate(s) (from all 8 symmetries)
UNKNOWN
[info][goal=370] range=50..=100 symmetry=0 vars=497330 clauses=4864171
[info][goal=87] trying goal symmetry=1
[info][goal=87] range=48..=96 symmetry=1 vars=477442 clauses=4669617
[info][goal=436] trying goal symmetry=1
[info][goal=436] range=49..=98 symmetry=1 vars=487386 clauses=4766894
[info][goal=224] build single CNF with h=[44..=88] (start_discs=4, goal_discs=48)
[info][goal=224] this goal has 2 symmetric candidate(s) (from all 8 symmetries)
UNKNOWN
[info][goal=224] range=44..=88 symmetry=0 vars=437666 clauses=4280509
[info][goal=113] trying goal symmetry=1
[info][goal=113] range=46..=92 symmetry=1 vars=457554 clauses=4475063
[info][goal=191] trying goal symmetry=1
[info][goal=191] range=48..=96 symmetry=1 vars=477442 clauses=4669617
[info][goal=499] trying goal symmetry=1
[info][goal=499] range=44..=88 symmetry=1 vars=437666 clauses=4280509
[info][goal=17] build single CNF with h=[48..=96] (start_discs=4, goal_discs=52)
[info][goal=17] this goal has 2 symmetric candidate(s) (from all 8 symmetries)
UNSAT
[info][goal=17] range=48..=96 symmetry=0 vars=477442 clauses=4669617
[info][goal=224] trying goal symmetry=1
[info][goal=224] range=44..=88 symmetry=1 vars=437666 clauses=4280509
[info][goal=209] trying goal symmetry=1
[info][goal=209] range=45..=90 symmetry=1 vars=447610 clauses=4377786
[info][goal=173] trying goal symmetry=1
[info][goal=173] range=48..=96 symmetry=1 vars=477442 clauses=4669617
[info][goal=418] trying goal symmetry=1
[info][goal=418] range=44..=88 symmetry=1 vars=437666 clauses=4280509
[info][goal=114] build single CNF with h=[49..=98] (start_discs=4, goal_discs=53)
[info][goal=114] this goal has 2 symmetric candidate(s) (from all 8 symmetries)
UNSAT
[info][goal=114] range=49..=98 symmetry=0 vars=487386 clauses=4766894
[info][goal=298] build single CNF with h=[46..=92] (start_discs=4, goal_discs=50)
[info][goal=298] this goal has 2 symmetric candidate(s) (from all 8 symmetries)
UNKNOWN
[info][goal=298] range=46..=92 symmetry=0 vars=457554 clauses=4475063
[info][goal=225] build single CNF with h=[46..=92] (start_discs=4, goal_discs=50)
[info][goal=225] this goal has 2 symmetric candidate(s) (from all 8 symmetries)
UNSAT
[info][goal=225] range=46..=92 symmetry=0 vars=457554 clauses=4475063
[info][goal=17] trying goal symmetry=1
[info][goal=17] range=48..=96 symmetry=1 vars=477442 clauses=4669617
[info][goal=412] trying goal symmetry=1
[info][goal=412] range=42..=84 symmetry=1 vars=417778 clauses=4085955
[info][goal=114] trying goal symmetry=1
[info][goal=114] range=49..=98 symmetry=1 vars=487386 clauses=4766894
[info][goal=500] build single CNF with h=[45..=90] (start_discs=4, goal_discs=49)
[info][goal=500] this goal has 2 symmetric candidate(s) (from all 8 symmetries)
UNSAT
[info][goal=500] range=45..=90 symmetry=0 vars=447610 clauses=4377786
[info][goal=298] trying goal symmetry=1
[info][goal=298] range=46..=92 symmetry=1 vars=457554 clauses=4475063
[info][goal=18] build single CNF with h=[40..=80] (start_discs=4, goal_discs=44)
[info][goal=18] this goal has 2 symmetric candidate(s) (from all 8 symmetries)
UNSAT
[info][goal=18] range=40..=80 symmetry=0 vars=397890 clauses=3891401
[info][goal=413] build single CNF with h=[48..=96] (start_discs=4, goal_discs=52)
[info][goal=413] this goal has 2 symmetric candidate(s) (from all 8 symmetries)
UNSAT
[info][goal=413] range=48..=96 symmetry=0 vars=477442 clauses=4669617
[info][goal=225] trying goal symmetry=1
[info][goal=225] range=46..=92 symmetry=1 vars=457554 clauses=4475063
[info][goal=192] build single CNF with h=[45..=90] (start_discs=4, goal_discs=49)
[info][goal=192] this goal has 2 symmetric candidate(s) (from all 8 symmetries)
UNSAT
[info][goal=192] range=45..=90 symmetry=0 vars=447610 clauses=4377786
[info][goal=299] build single CNF with h=[46..=92] (start_discs=4, goal_discs=50)
[info][goal=299] this goal has 2 symmetric candidate(s) (from all 8 symmetries)
UNSAT
[info][goal=299] range=46..=92 symmetry=0 vars=457554 clauses=4475063
[info][goal=115] build single CNF with h=[44..=88] (start_discs=4, goal_discs=48)
[info][goal=115] this goal has 2 symmetric candidate(s) (from all 8 symmetries)
UNSAT
[info][goal=115] range=44..=88 symmetry=0 vars=437666 clauses=4280509
[info][goal=500] trying goal symmetry=1
[info][goal=500] range=45..=90 symmetry=1 vars=447610 clauses=4377786
[info][goal=375] trying goal symmetry=1
[info][goal=375] range=52..=104 symmetry=1 vars=517218 clauses=5058725
[info][goal=115] trying goal symmetry=1
[info][goal=115] range=44..=88 symmetry=1 vars=437666 clauses=4280509
[info][goal=226] build single CNF with h=[47..=94] (start_discs=4, goal_discs=51)
[info][goal=226] this goal has 2 symmetric candidate(s) (from all 8 symmetries)
UNSAT
[info][goal=226] range=47..=94 symmetry=0 vars=467498 clauses=4572340
[info][goal=501] build single CNF with h=[38..=76] (start_discs=4, goal_discs=42)
[info][goal=501] this goal has 2 symmetric candidate(s) (from all 8 symmetries)
UNSAT
[info][goal=501] range=38..=76 symmetry=0 vars=378002 clauses=3696847
[info][goal=333] trying goal symmetry=1
[info][goal=333] range=44..=88 symmetry=1 vars=437666 clauses=4280509
[info][goal=501] trying goal symmetry=1
[info][goal=501] range=38..=76 symmetry=1 vars=378002 clauses=3696847
[info][goal=502] build single CNF with h=[45..=90] (start_discs=4, goal_discs=49)
[info][goal=502] this goal has 2 symmetric candidate(s) (from all 8 symmetries)
UNSAT
[info][goal=502] range=45..=90 symmetry=0 vars=447610 clauses=4377786
[info][goal=226] trying goal symmetry=1
[info][goal=226] range=47..=94 symmetry=1 vars=467498 clauses=4572340
[info][goal=116] build single CNF with h=[51..=102] (start_discs=4, goal_discs=55)
[info][goal=116] this goal has 2 symmetric candidate(s) (from all 8 symmetries)
UNSAT
[info][goal=116] range=51..=102 symmetry=0 vars=507274 clauses=4961448
[info][goal=370] trying goal symmetry=1
[info][goal=370] range=50..=100 symmetry=1 vars=497330 clauses=4864171
[info][goal=88] build single CNF with h=[45..=90] (start_discs=4, goal_discs=49)
[info][goal=88] this goal has 2 symmetric candidate(s) (from all 8 symmetries)
UNKNOWN
[info][goal=88] range=45..=90 symmetry=0 vars=447610 clauses=4377786
[info][goal=437] build single CNF with h=[42..=84] (start_discs=4, goal_discs=46)
[info][goal=437] this goal has 2 symmetric candidate(s) (from all 8 symmetries)
UNKNOWN
[info][goal=437] range=42..=84 symmetry=0 vars=417778 clauses=4085955
[info][goal=502] trying goal symmetry=1
[info][goal=502] range=45..=90 symmetry=1 vars=447610 clauses=4377786
[info][goal=227] build single CNF with h=[47..=94] (start_discs=4, goal_discs=51)
[info][goal=227] this goal has 2 symmetric candidate(s) (from all 8 symmetries)
UNSAT
[info][goal=227] range=47..=94 symmetry=0 vars=467498 clauses=4572340
[info][goal=437] trying goal symmetry=1
[info][goal=437] range=42..=84 symmetry=1 vars=417778 clauses=4085955
[info][goal=210] build single CNF with h=[34..=68] (start_discs=4, goal_discs=38)
[info][goal=210] this goal has 2 symmetric candidate(s) (from all 8 symmetries)
UNKNOWN
[info][goal=210] range=34..=68 symmetry=0 vars=338226 clauses=3307739
[info][goal=174] build single CNF with h=[44..=88] (start_discs=4, goal_discs=48)
[info][goal=174] this goal has 2 symmetric candidate(s) (from all 8 symmetries)
UNKNOWN
[info][goal=174] range=44..=88 symmetry=0 vars=437666 clauses=4280509
[info][goal=503] build single CNF with h=[45..=90] (start_discs=4, goal_discs=49)
[info][goal=503] this goal has 2 symmetric candidate(s) (from all 8 symmetries)
UNSAT
[info][goal=503] range=45..=90 symmetry=0 vars=447610 clauses=4377786
[info][goal=419] build single CNF with h=[46..=92] (start_discs=4, goal_discs=50)
[info][goal=419] this goal has 2 symmetric candidate(s) (from all 8 symmetries)
UNKNOWN
[info][goal=419] range=46..=92 symmetry=0 vars=457554 clauses=4475063
[info][goal=88] trying goal symmetry=1
[info][goal=88] range=45..=90 symmetry=1 vars=447610 clauses=4377786
[info][goal=210] trying goal symmetry=1
[info][goal=210] range=34..=68 symmetry=1 vars=338226 clauses=3307739
[info][goal=438] build single CNF with h=[41..=82] (start_discs=4, goal_discs=45)
[info][goal=438] this goal has 2 symmetric candidate(s) (from all 8 symmetries)
UNSAT
[info][goal=438] range=41..=82 symmetry=0 vars=407834 clauses=3988678
[info][goal=211] build single CNF with h=[48..=96] (start_discs=4, goal_discs=52)
[info][goal=211] this goal has 2 symmetric candidate(s) (from all 8 symmetries)
UNSAT
[info][goal=211] range=48..=96 symmetry=0 vars=477442 clauses=4669617
[info][goal=18] trying goal symmetry=1
[info][goal=18] range=40..=80 symmetry=1 vars=397890 clauses=3891401
[info][goal=413] trying goal symmetry=1
[info][goal=413] range=48..=96 symmetry=1 vars=477442 clauses=4669617
[info][goal=438] trying goal symmetry=1
[info][goal=438] range=41..=82 symmetry=1 vars=407834 clauses=3988678
[info][goal=192] trying goal symmetry=1
[info][goal=192] range=45..=90 symmetry=1 vars=447610 clauses=4377786
[info][goal=299] trying goal symmetry=1
[info][goal=299] range=46..=92 symmetry=1 vars=457554 clauses=4475063
[info][goal=89] build single CNF with h=[43..=86] (start_discs=4, goal_discs=47)
[info][goal=89] this goal has 2 symmetric candidate(s) (from all 8 symmetries)
UNSAT
[info][goal=89] range=43..=86 symmetry=0 vars=427722 clauses=4183232
[info][goal=211] trying goal symmetry=1
[info][goal=211] range=48..=96 symmetry=1 vars=477442 clauses=4669617
[info][goal=439] build single CNF with h=[45..=90] (start_discs=4, goal_discs=49)
[info][goal=439] this goal has 2 symmetric candidate(s) (from all 8 symmetries)
UNSAT
[info][goal=439] range=45..=90 symmetry=0 vars=447610 clauses=4377786
[info][goal=227] trying goal symmetry=1
[info][goal=227] range=47..=94 symmetry=1 vars=467498 clauses=4572340
[info][goal=376] build single CNF with h=[46..=92] (start_discs=4, goal_discs=50)
[info][goal=376] this goal has 2 symmetric candidate(s) (from all 8 symmetries)
UNKNOWN
[info][goal=376] range=46..=92 symmetry=0 vars=457554 clauses=4475063
[info][goal=212] build single CNF with h=[46..=92] (start_discs=4, goal_discs=50)
[info][goal=212] this goal has 2 symmetric candidate(s) (from all 8 symmetries)
UNSAT
[info][goal=212] range=46..=92 symmetry=0 vars=457554 clauses=4475063
[info][goal=89] trying goal symmetry=1
[info][goal=89] range=43..=86 symmetry=1 vars=427722 clauses=4183232
[info][goal=376] trying goal symmetry=1
[info][goal=376] range=46..=92 symmetry=1 vars=457554 clauses=4475063
[info][goal=334] build single CNF with h=[39..=78] (start_discs=4, goal_discs=43)
[info][goal=334] this goal has 2 symmetric candidate(s) (from all 8 symmetries)
UNKNOWN
[info][goal=334] range=39..=78 symmetry=0 vars=387946 clauses=3794124
[info][goal=212] trying goal symmetry=1
[info][goal=212] range=46..=92 symmetry=1 vars=457554 clauses=4475063
[info][goal=377] build single CNF with h=[44..=88] (start_discs=4, goal_discs=48)
[info][goal=377] this goal has 2 symmetric candidate(s) (from all 8 symmetries)
UNSAT
[info][goal=377] range=44..=88 symmetry=0 vars=437666 clauses=4280509
[info][goal=334] trying goal symmetry=1
[info][goal=334] range=39..=78 symmetry=1 vars=387946 clauses=3794124
[info][goal=116] trying goal symmetry=1
[info][goal=116] range=51..=102 symmetry=1 vars=507274 clauses=4961448
[info][goal=90] build single CNF with h=[41..=82] (start_discs=4, goal_discs=45)
[info][goal=90] this goal has 2 symmetric candidate(s) (from all 8 symmetries)
UNSAT
[info][goal=90] range=41..=82 symmetry=0 vars=407834 clauses=3988678
[info][goal=371] build single CNF with h=[42..=84] (start_discs=4, goal_discs=46)
[info][goal=371] this goal has 2 symmetric candidate(s) (from all 8 symmetries)
UNKNOWN
[info][goal=371] range=42..=84 symmetry=0 vars=417778 clauses=4085955
[info][goal=421] build single CNF with h=[45..=90] (start_discs=4, goal_discs=49)
[info][goal=421] this goal has 2 symmetric candidate(s) (from all 8 symmetries)
UNSAT
[info][goal=421] range=45..=90 symmetry=0 vars=447610 clauses=4377786
[info][goal=377] trying goal symmetry=1
[info][goal=377] range=44..=88 symmetry=1 vars=437666 clauses=4280509
[info][goal=414] build single CNF with h=[48..=96] (start_discs=4, goal_discs=52)
[info][goal=414] this goal has 2 symmetric candidate(s) (from all 8 symmetries)
[413] SAT (H=48)
[413] Record: D3C5D6C7F5G5E6F3F4G3G2D7H3C3E7H2B7D8B2E3H5F8E8H6F2H1H4A1C4G4C6B3B5E2A2B6B1A6D2C2F1F6G7A7E1H8G8A4
[info][goal=414] range=48..=96 symmetry=0 vars=477442 clauses=4669617
[info][goal=439] trying goal symmetry=1
[info][goal=439] range=45..=90 symmetry=1 vars=447610 clauses=4377786
[info][goal=90] trying goal symmetry=1
[info][goal=90] range=41..=82 symmetry=1 vars=407834 clauses=3988678
[info][goal=335] build single CNF with h=[44..=88] (start_discs=4, goal_discs=48)
[info][goal=335] this goal has 2 symmetric candidate(s) (from all 8 symmetries)
UNSAT
[info][goal=335] range=44..=88 symmetry=0 vars=437666 clauses=4280509
[info][goal=421] trying goal symmetry=1
[info][goal=421] range=45..=90 symmetry=1 vars=447610 clauses=4377786
[info][goal=228] build single CNF with h=[45..=90] (start_discs=4, goal_discs=49)
[info][goal=228] this goal has 2 symmetric candidate(s) (from all 8 symmetries)
UNSAT
[info][goal=228] range=45..=90 symmetry=0 vars=447610 clauses=4377786
[info][goal=378] build single CNF with h=[47..=94] (start_discs=4, goal_discs=51)
[info][goal=378] this goal has 2 symmetric candidate(s) (from all 8 symmetries)
UNSAT
[info][goal=378] range=47..=94 symmetry=0 vars=467498 clauses=4572340
[info][goal=371] trying goal symmetry=1
[info][goal=371] range=42..=84 symmetry=1 vars=417778 clauses=4085955
[info][goal=174] trying goal symmetry=1
[info][goal=174] range=44..=88 symmetry=1 vars=437666 clauses=4280509
[info][goal=414] trying goal symmetry=1
[info][goal=414] range=48..=96 symmetry=1 vars=477442 clauses=4669617
[info][goal=503] trying goal symmetry=1
[info][goal=503] range=45..=90 symmetry=1 vars=447610 clauses=4377786
[info][goal=419] trying goal symmetry=1
[info][goal=419] range=46..=92 symmetry=1 vars=457554 clauses=4475063
[info][goal=228] trying goal symmetry=1
[info][goal=228] range=45..=90 symmetry=1 vars=447610 clauses=4377786
[info][goal=335] trying goal symmetry=1
[info][goal=335] range=44..=88 symmetry=1 vars=437666 clauses=4280509
[info][goal=91] build single CNF with h=[44..=88] (start_discs=4, goal_discs=48)
[info][goal=91] this goal has 2 symmetric candidate(s) (from all 8 symmetries)
UNSAT
[info][goal=91] range=44..=88 symmetry=0 vars=437666 clauses=4280509
[info][goal=422] build single CNF with h=[46..=92] (start_discs=4, goal_discs=50)
[info][goal=422] this goal has 2 symmetric candidate(s) (from all 8 symmetries)
UNSAT
[info][goal=422] range=46..=92 symmetry=0 vars=457554 clauses=4475063
[info][goal=19] build single CNF with h=[43..=86] (start_discs=4, goal_discs=47)
[info][goal=19] this goal has 2 symmetric candidate(s) (from all 8 symmetries)
UNKNOWN
[info][goal=19] range=43..=86 symmetry=0 vars=427722 clauses=4183232
[info][goal=381] build single CNF with h=[42..=84] (start_discs=4, goal_discs=46)
[info][goal=381] this goal has 2 symmetric candidate(s) (from all 8 symmetries)
UNSAT
[info][goal=381] range=42..=84 symmetry=0 vars=417778 clauses=4085955
[info][goal=336] build single CNF with h=[41..=82] (start_discs=4, goal_discs=45)
[info][goal=336] this goal has 2 symmetric candidate(s) (from all 8 symmetries)
UNSAT
[info][goal=336] range=41..=82 symmetry=0 vars=407834 clauses=3988678
[info][goal=229] build single CNF with h=[45..=90] (start_discs=4, goal_discs=49)
[info][goal=229] this goal has 2 symmetric candidate(s) (from all 8 symmetries)
UNSAT
[info][goal=229] range=45..=90 symmetry=0 vars=447610 clauses=4377786
[info][goal=193] build single CNF with h=[45..=90] (start_discs=4, goal_discs=49)
[info][goal=193] this goal has 2 symmetric candidate(s) (from all 8 symmetries)
UNKNOWN
[info][goal=193] range=45..=90 symmetry=0 vars=447610 clauses=4377786
[info][goal=300] build single CNF with h=[44..=88] (start_discs=4, goal_discs=48)
[info][goal=300] this goal has 2 symmetric candidate(s) (from all 8 symmetries)
UNKNOWN
[info][goal=300] range=44..=88 symmetry=0 vars=437666 clauses=4280509
[info][goal=415] build single CNF with h=[43..=86] (start_discs=4, goal_discs=47)
[info][goal=415] this goal has 2 symmetric candidate(s) (from all 8 symmetries)
UNSAT
[info][goal=415] range=43..=86 symmetry=0 vars=427722 clauses=4183232
[info][goal=19] trying goal symmetry=1
[info][goal=19] range=43..=86 symmetry=1 vars=427722 clauses=4183232
[info][goal=381] trying goal symmetry=1
[info][goal=381] range=42..=84 symmetry=1 vars=417778 clauses=4085955
[info][goal=193] trying goal symmetry=1
[info][goal=193] range=45..=90 symmetry=1 vars=447610 clauses=4377786
[info][goal=20] build single CNF with h=[45..=90] (start_discs=4, goal_discs=49)
[info][goal=20] this goal has 2 symmetric candidate(s) (from all 8 symmetries)
UNSAT
[info][goal=20] range=45..=90 symmetry=0 vars=447610 clauses=4377786
[info][goal=415] trying goal symmetry=1
[info][goal=415] range=43..=86 symmetry=1 vars=427722 clauses=4183232
[info][goal=229] trying goal symmetry=1
[info][goal=229] range=45..=90 symmetry=1 vars=447610 clauses=4377786
[info][goal=300] trying goal symmetry=1
[info][goal=300] range=44..=88 symmetry=1 vars=437666 clauses=4280509
[info][goal=336] trying goal symmetry=1
[info][goal=336] range=41..=82 symmetry=1 vars=407834 clauses=3988678
[info][goal=382] build single CNF with h=[44..=88] (start_discs=4, goal_discs=48)
[info][goal=382] this goal has 2 symmetric candidate(s) (from all 8 symmetries)
UNSAT
[info][goal=382] range=44..=88 symmetry=0 vars=437666 clauses=4280509
[info][goal=194] build single CNF with h=[50..=100] (start_discs=4, goal_discs=54)
[info][goal=194] this goal has 2 symmetric candidate(s) (from all 8 symmetries)
UNSAT
[info][goal=194] range=50..=100 symmetry=0 vars=497330 clauses=4864171
[info][goal=301] build single CNF with h=[42..=84] (start_discs=4, goal_discs=46)
[info][goal=301] this goal has 2 symmetric candidate(s) (from all 8 symmetries)
UNSAT
[info][goal=301] range=42..=84 symmetry=0 vars=417778 clauses=4085955
[info][goal=416] build single CNF with h=[45..=90] (start_discs=4, goal_discs=49)
[info][goal=416] this goal has 2 symmetric candidate(s) (from all 8 symmetries)
UNSAT
[info][goal=416] range=45..=90 symmetry=0 vars=447610 clauses=4377786
[info][goal=416] trying goal symmetry=1
[info][goal=416] range=45..=90 symmetry=1 vars=447610 clauses=4377786
[info][goal=382] trying goal symmetry=1
[info][goal=382] range=44..=88 symmetry=1 vars=437666 clauses=4280509
[info][goal=97] build single CNF with h=[40..=80] (start_discs=4, goal_discs=44)
[info][goal=97] this goal has 2 symmetric candidate(s) (from all 8 symmetries)
UNSAT
[info][goal=97] range=40..=80 symmetry=0 vars=397890 clauses=3891401
[info][goal=440] build single CNF with h=[42..=84] (start_discs=4, goal_discs=46)
[info][goal=440] this goal has 2 symmetric candidate(s) (from all 8 symmetries)
UNSAT
[info][goal=337] build single CNF with h=[42..=84] (start_discs=4, goal_discs=46)
[info][goal=337] this goal has 2 symmetric candidate(s) (from all 8 symmetries)
UNSAT
[info][goal=440] range=42..=84 symmetry=0 vars=417778 clauses=4085955
[info][goal=337] range=42..=84 symmetry=0 vars=417778 clauses=4085955
[info][goal=337] trying goal symmetry=1
[info][goal=337] range=42..=84 symmetry=1 vars=417778 clauses=4085955
[info][goal=20] trying goal symmetry=1
[info][goal=20] range=45..=90 symmetry=1 vars=447610 clauses=4377786
[info][goal=338] build single CNF with h=[50..=100] (start_discs=4, goal_discs=54)
[info][goal=338] this goal has 2 symmetric candidate(s) (from all 8 symmetries)
UNSAT
[info][goal=338] range=50..=100 symmetry=0 vars=497330 clauses=4864171
[info][goal=91] trying goal symmetry=1
[info][goal=91] range=44..=88 symmetry=1 vars=437666 clauses=4280509
[info][goal=230] build single CNF with h=[41..=82] (start_discs=4, goal_discs=45)
[info][goal=230] this goal has 2 symmetric candidate(s) (from all 8 symmetries)
UNSAT
[info][goal=230] range=41..=82 symmetry=0 vars=407834 clauses=3988678
[info][goal=383] build single CNF with h=[44..=88] (start_discs=4, goal_discs=48)
[info][goal=383] this goal has 2 symmetric candidate(s) (from all 8 symmetries)
UNSAT
[info][goal=383] range=44..=88 symmetry=0 vars=437666 clauses=4280509
[info][goal=440] trying goal symmetry=1
[info][goal=440] range=42..=84 symmetry=1 vars=417778 clauses=4085955
[info][goal=302] build single CNF with h=[39..=78] (start_discs=4, goal_discs=43)
[info][goal=302] this goal has 2 symmetric candidate(s) (from all 8 symmetries)
[301] SAT (H=42)
[301] Record: D3E3F2C2F3G3H4G1E1D6C3E2C1H3F5F1H1B3C5G6E7C4G2D1B1C6A2H5G5F4H7A4A3B5C7C8B7F7B6A6D8E8
[info][goal=302] range=39..=78 symmetry=0 vars=387946 clauses=3794124
[info][goal=97] trying goal symmetry=1
[info][goal=97] range=40..=80 symmetry=1 vars=397890 clauses=3891401
[info][goal=117] build single CNF with h=[45..=90] (start_discs=4, goal_discs=49)
[info][goal=117] this goal has 2 symmetric candidate(s) (from all 8 symmetries)
UNKNOWN
[info][goal=117] range=45..=90 symmetry=0 vars=447610 clauses=4377786
[info][goal=92] build single CNF with h=[39..=78] (start_discs=4, goal_discs=43)
[info][goal=92] this goal has 2 symmetric candidate(s) (from all 8 symmetries)
UNSAT
[info][goal=92] range=39..=78 symmetry=0 vars=387946 clauses=3794124
[info][goal=441] build single CNF with h=[41..=82] (start_discs=4, goal_discs=45)
[info][goal=441] this goal has 2 symmetric candidate(s) (from all 8 symmetries)
UNSAT
[info][goal=441] range=41..=82 symmetry=0 vars=407834 clauses=3988678
[info][goal=98] build single CNF with h=[46..=92] (start_discs=4, goal_discs=50)
[info][goal=98] this goal has 2 symmetric candidate(s) (from all 8 symmetries)
UNSAT
[info][goal=98] range=46..=92 symmetry=0 vars=457554 clauses=4475063
[info][goal=21] build single CNF with h=[46..=92] (start_discs=4, goal_discs=50)
[info][goal=21] this goal has 2 symmetric candidate(s) (from all 8 symmetries)
UNSAT
[info][goal=21] range=46..=92 symmetry=0 vars=457554 clauses=4475063
[info][goal=230] trying goal symmetry=1
[info][goal=230] range=41..=82 symmetry=1 vars=407834 clauses=3988678
[info][goal=92] trying goal symmetry=1
[info][goal=92] range=39..=78 symmetry=1 vars=387946 clauses=3794124
[info][goal=21] trying goal symmetry=1
[info][goal=21] range=46..=92 symmetry=1 vars=457554 clauses=4475063
[info][goal=383] trying goal symmetry=1
[info][goal=383] range=44..=88 symmetry=1 vars=437666 clauses=4280509
[info][goal=93] build single CNF with h=[45..=90] (start_discs=4, goal_discs=49)
[info][goal=93] this goal has 2 symmetric candidate(s) (from all 8 symmetries)
UNSAT
[info][goal=93] range=45..=90 symmetry=0 vars=447610 clauses=4377786
[info][goal=441] trying goal symmetry=1
[info][goal=441] range=41..=82 symmetry=1 vars=407834 clauses=3988678
[info][goal=378] trying goal symmetry=1
[info][goal=378] range=47..=94 symmetry=1 vars=467498 clauses=4572340
[info][goal=504] build single CNF with h=[45..=90] (start_discs=4, goal_discs=49)
[info][goal=504] this goal has 2 symmetric candidate(s) (from all 8 symmetries)
[503] SAT (H=45)
[503] Record: D3C5C6C7B5C4F6A6B3E3A5E2C8F4G3F5A7D7F1G7F7D2E6G4H7H2C1G5F3G8H5F2C3D1E1H4G2G1E7D8H6A2A3B2A1
[info][goal=504] range=45..=90 symmetry=0 vars=447610 clauses=4377786
[info][goal=231] build single CNF with h=[47..=94] (start_discs=4, goal_discs=51)
[info][goal=231] this goal has 2 symmetric candidate(s) (from all 8 symmetries)
UNSAT
[info][goal=231] range=47..=94 symmetry=0 vars=467498 clauses=4572340
[info][goal=22] build single CNF with h=[46..=92] (start_discs=4, goal_discs=50)
[info][goal=22] this goal has 2 symmetric candidate(s) (from all 8 symmetries)
UNSAT
[info][goal=22] range=46..=92 symmetry=0 vars=457554 clauses=4475063
[info][goal=175] build single CNF with h=[46..=92] (start_discs=4, goal_discs=50)
[info][goal=175] this goal has 2 symmetric candidate(s) (from all 8 symmetries)
UNKNOWN
[info][goal=175] range=46..=92 symmetry=0 vars=457554 clauses=4475063
[info][goal=420] build single CNF with h=[49..=98] (start_discs=4, goal_discs=53)
[info][goal=420] this goal has 2 symmetric candidate(s) (from all 8 symmetries)
UNKNOWN
[info][goal=420] range=49..=98 symmetry=0 vars=487386 clauses=4766894
[info][goal=442] build single CNF with h=[45..=90] (start_discs=4, goal_discs=49)
[info][goal=442] this goal has 2 symmetric candidate(s) (from all 8 symmetries)
UNSAT
[info][goal=442] range=45..=90 symmetry=0 vars=447610 clauses=4377786
[info][goal=117] trying goal symmetry=1
[info][goal=117] range=45..=90 symmetry=1 vars=447610 clauses=4377786
[info][goal=93] trying goal symmetry=1
[info][goal=93] range=45..=90 symmetry=1 vars=447610 clauses=4377786
[info][goal=22] trying goal symmetry=1
[info][goal=22] range=46..=92 symmetry=1 vars=457554 clauses=4475063
[info][goal=422] trying goal symmetry=1
[info][goal=422] range=46..=92 symmetry=1 vars=457554 clauses=4475063
[info][goal=504] trying goal symmetry=1
[info][goal=504] range=45..=90 symmetry=1 vars=447610 clauses=4377786
[info][goal=384] build single CNF with h=[46..=92] (start_discs=4, goal_discs=50)
[info][goal=384] this goal has 2 symmetric candidate(s) (from all 8 symmetries)
UNSAT
[info][goal=384] range=46..=92 symmetry=0 vars=457554 clauses=4475063
[info][goal=194] trying goal symmetry=1
[info][goal=194] range=50..=100 symmetry=1 vars=497330 clauses=4864171
[info][goal=176] build single CNF with h=[42..=84] (start_discs=4, goal_discs=46)
[info][goal=176] this goal has 2 symmetric candidate(s) (from all 8 symmetries)
[175] SAT (H=46)
[175] Record: E6F6C4C5G7B3C6F4B5B7C7C8E3F7C3H7F8E7D8F5G4G3G2H3A3F1G1F3A8H1H5A7A6A2B8E8G5B2D3C2D1D2B1A4H2A1
[info][goal=176] range=42..=84 symmetry=0 vars=417778 clauses=4085955
[info][goal=231] trying goal symmetry=1
[info][goal=231] range=47..=94 symmetry=1 vars=467498 clauses=4572340
[info][goal=23] build single CNF with h=[47..=94] (start_discs=4, goal_discs=51)
[info][goal=23] this goal has 2 symmetric candidate(s) (from all 8 symmetries)
UNSAT
[info][goal=23] range=47..=94 symmetry=0 vars=467498 clauses=4572340
[info][goal=94] build single CNF with h=[38..=76] (start_discs=4, goal_discs=42)
[info][goal=94] this goal has 2 symmetric candidate(s) (from all 8 symmetries)
UNSAT
[info][goal=94] range=38..=76 symmetry=0 vars=378002 clauses=3696847
[info][goal=505] build single CNF with h=[44..=88] (start_discs=4, goal_discs=48)
[info][goal=505] this goal has 2 symmetric candidate(s) (from all 8 symmetries)
UNSAT
[info][goal=505] range=44..=88 symmetry=0 vars=437666 clauses=4280509
[info][goal=384] trying goal symmetry=1
[info][goal=384] range=46..=92 symmetry=1 vars=457554 clauses=4475063
[info][goal=232] build single CNF with h=[46..=92] (start_discs=4, goal_discs=50)
[info][goal=232] this goal has 2 symmetric candidate(s) (from all 8 symmetries)
UNSAT
[info][goal=232] range=46..=92 symmetry=0 vars=457554 clauses=4475063
[info][goal=176] trying goal symmetry=1
[info][goal=176] range=42..=84 symmetry=1 vars=417778 clauses=4085955
[info][goal=94] trying goal symmetry=1
[info][goal=94] range=38..=76 symmetry=1 vars=378002 clauses=3696847
[info][goal=385] build single CNF with h=[46..=92] (start_discs=4, goal_discs=50)
[info][goal=385] this goal has 2 symmetric candidate(s) (from all 8 symmetries)
UNSAT
[info][goal=385] range=46..=92 symmetry=0 vars=457554 clauses=4475063
[info][goal=23] trying goal symmetry=1
[info][goal=23] range=47..=94 symmetry=1 vars=467498 clauses=4572340
[info][goal=505] trying goal symmetry=1
[info][goal=505] range=44..=88 symmetry=1 vars=437666 clauses=4280509
[info][goal=95] build single CNF with h=[47..=94] (start_discs=4, goal_discs=51)
[info][goal=95] this goal has 2 symmetric candidate(s) (from all 8 symmetries)
UNSAT
[info][goal=95] range=47..=94 symmetry=0 vars=467498 clauses=4572340
[info][goal=232] trying goal symmetry=1
[info][goal=232] range=46..=92 symmetry=1 vars=457554 clauses=4475063
[info][goal=346] build single CNF with h=[45..=90] (start_discs=4, goal_discs=49)
[info][goal=346] this goal has 2 symmetric candidate(s) (from all 8 symmetries)
UNSAT
[info][goal=346] range=45..=90 symmetry=0 vars=447610 clauses=4377786
[info][goal=118] build single CNF with h=[39..=78] (start_discs=4, goal_discs=43)
[info][goal=118] this goal has 2 symmetric candidate(s) (from all 8 symmetries)
UNSAT
[info][goal=118] range=39..=78 symmetry=0 vars=387946 clauses=3794124
[info][goal=423] build single CNF with h=[41..=82] (start_discs=4, goal_discs=45)
[info][goal=423] this goal has 2 symmetric candidate(s) (from all 8 symmetries)
[422] SAT (H=46)
[422] Record: C4E3F5G6F3C5E6D7H7B3B4G3G2H1F2A3H3E2B5B6F7F6A6C3G1C6B2G5H5E7C2A5E1H6D6C1A2F8D8E8G8H8F4G4H4C7
[info][goal=423] range=41..=82 symmetry=0 vars=407834 clauses=3988678
[info][goal=338] trying goal symmetry=1
[info][goal=338] range=50..=100 symmetry=1 vars=497330 clauses=4864171
[info][goal=385] trying goal symmetry=1
[info][goal=385] range=46..=92 symmetry=1 vars=457554 clauses=4475063
[info][goal=341] build single CNF with h=[45..=90] (start_discs=4, goal_discs=49)
[info][goal=341] this goal has 2 symmetric candidate(s) (from all 8 symmetries)
UNSAT
[info][goal=341] range=45..=90 symmetry=0 vars=447610 clauses=4377786
[info][goal=118] trying goal symmetry=1
[info][goal=118] range=39..=78 symmetry=1 vars=387946 clauses=3794124
[info][goal=506] build single CNF with h=[42..=84] (start_discs=4, goal_discs=46)
[info][goal=506] this goal has 2 symmetric candidate(s) (from all 8 symmetries)
UNSAT
[info][goal=506] range=42..=84 symmetry=0 vars=417778 clauses=4085955
[info][goal=423] trying goal symmetry=1
[info][goal=423] range=41..=82 symmetry=1 vars=407834 clauses=3988678
[info][goal=302] trying goal symmetry=1
[info][goal=302] range=39..=78 symmetry=1 vars=387946 clauses=3794124
[info][goal=95] trying goal symmetry=1
[info][goal=95] range=47..=94 symmetry=1 vars=467498 clauses=4572340
[info][goal=346] trying goal symmetry=1
[info][goal=346] range=45..=90 symmetry=1 vars=447610 clauses=4377786
[info][goal=386] build single CNF with h=[45..=90] (start_discs=4, goal_discs=49)
[info][goal=386] this goal has 2 symmetric candidate(s) (from all 8 symmetries)
UNSAT
[info][goal=386] range=45..=90 symmetry=0 vars=447610 clauses=4377786
[info][goal=233] build single CNF with h=[46..=92] (start_discs=4, goal_discs=50)
[info][goal=233] this goal has 2 symmetric candidate(s) (from all 8 symmetries)
UNSAT
[info][goal=233] range=46..=92 symmetry=0 vars=457554 clauses=4475063
[info][goal=24] build single CNF with h=[42..=84] (start_discs=4, goal_discs=46)
[info][goal=24] this goal has 2 symmetric candidate(s) (from all 8 symmetries)
UNSAT
[info][goal=24] range=42..=84 symmetry=0 vars=417778 clauses=4085955
[info][goal=119] build single CNF with h=[49..=98] (start_discs=4, goal_discs=53)
[info][goal=119] this goal has 2 symmetric candidate(s) (from all 8 symmetries)
UNSAT
[info][goal=119] range=49..=98 symmetry=0 vars=487386 clauses=4766894
[info][goal=98] trying goal symmetry=1
[info][goal=98] range=46..=92 symmetry=1 vars=457554 clauses=4475063
[info][goal=506] trying goal symmetry=1
[info][goal=506] range=42..=84 symmetry=1 vars=417778 clauses=4085955
[info][goal=386] trying goal symmetry=1
[info][goal=386] range=45..=90 symmetry=1 vars=447610 clauses=4377786
[info][goal=379] build single CNF with h=[38..=76] (start_discs=4, goal_discs=42)
[info][goal=379] this goal has 2 symmetric candidate(s) (from all 8 symmetries)
[378] SAT (H=47)
[378] Record: D3C5E6E3B5D6C6F6F3A5B4E2G6D2F2G4E1G7F5D1G2B6H8H7C7G1C2A3A4B7A7B3G5H2H5H6F1G3E7C4F7F8B1G8C1A1A2
[info][goal=379] range=38..=76 symmetry=0 vars=378002 clauses=3696847
[info][goal=379] trying goal symmetry=1
[info][goal=379] range=38..=76 symmetry=1 vars=378002 clauses=3696847
[info][goal=380] build single CNF with h=[44..=88] (start_discs=4, goal_discs=48)
[info][goal=380] this goal has 2 symmetric candidate(s) (from all 8 symmetries)
UNSAT
[info][goal=380] range=44..=88 symmetry=0 vars=437666 clauses=4280509
[info][goal=233] trying goal symmetry=1
[info][goal=507] build single CNF with h=[42..=84] (start_discs=4, goal_discs=46)
[info][goal=507] this goal has 2 symmetric candidate(s) (from all 8 symmetries)
UNSAT
[info][goal=233] range=46..=92 symmetry=1 vars=457554 clauses=4475063
[info][goal=507] range=42..=84 symmetry=0 vars=417778 clauses=4085955
[info][goal=96] build single CNF with h=[45..=90] (start_discs=4, goal_discs=49)
[info][goal=96] this goal has 2 symmetric candidate(s) (from all 8 symmetries)
UNSAT
[info][goal=96] range=45..=90 symmetry=0 vars=447610 clauses=4377786
[info][goal=424] build single CNF with h=[48..=96] (start_discs=4, goal_discs=52)
[info][goal=424] this goal has 2 symmetric candidate(s) (from all 8 symmetries)
UNSAT
[info][goal=424] range=48..=96 symmetry=0 vars=477442 clauses=4669617
[info][goal=347] build single CNF with h=[44..=88] (start_discs=4, goal_discs=48)
[info][goal=347] this goal has 2 symmetric candidate(s) (from all 8 symmetries)
UNSAT
[info][goal=347] range=44..=88 symmetry=0 vars=437666 clauses=4280509
[info][goal=24] trying goal symmetry=1
[info][goal=24] range=42..=84 symmetry=1 vars=417778 clauses=4085955
[info][goal=387] build single CNF with h=[42..=84] (start_discs=4, goal_discs=46)
[info][goal=387] this goal has 2 symmetric candidate(s) (from all 8 symmetries)
UNSAT
[info][goal=387] range=42..=84 symmetry=0 vars=417778 clauses=4085955
[info][goal=424] trying goal symmetry=1
[info][goal=424] range=48..=96 symmetry=1 vars=477442 clauses=4669617
[info][goal=234] build single CNF with h=[46..=92] (start_discs=4, goal_discs=50)
[info][goal=234] this goal has 2 symmetric candidate(s) (from all 8 symmetries)
UNSAT
[info][goal=234] range=46..=92 symmetry=0 vars=457554 clauses=4475063
[info][goal=347] trying goal symmetry=1
[info][goal=347] range=44..=88 symmetry=1 vars=437666 clauses=4280509
[info][goal=420] trying goal symmetry=1
[info][goal=420] range=49..=98 symmetry=1 vars=487386 clauses=4766894
[info][goal=380] trying goal symmetry=1
[info][goal=380] range=44..=88 symmetry=1 vars=437666 clauses=4280509
[info][goal=442] trying goal symmetry=1
[info][goal=442] range=45..=90 symmetry=1 vars=447610 clauses=4377786
[info][goal=96] trying goal symmetry=1
[info][goal=96] range=45..=90 symmetry=1 vars=447610 clauses=4377786
[info][goal=425] build single CNF with h=[39..=78] (start_discs=4, goal_discs=43)
[info][goal=425] this goal has 2 symmetric candidate(s) (from all 8 symmetries)
UNSAT
[info][goal=425] range=39..=78 symmetry=0 vars=387946 clauses=3794124
[info][goal=25] build single CNF with h=[42..=84] (start_discs=4, goal_discs=46)
[info][goal=25] this goal has 2 symmetric candidate(s) (from all 8 symmetries)
UNSAT
[info][goal=25] range=42..=84 symmetry=0 vars=417778 clauses=4085955
[info][goal=234] trying goal symmetry=1
[info][goal=234] range=46..=92 symmetry=1 vars=457554 clauses=4475063
[info][goal=303] build single CNF with h=[50..=100] (start_discs=4, goal_discs=54)
[info][goal=303] this goal has 2 symmetric candidate(s) (from all 8 symmetries)
[302] SAT (H=39)
[302] Record: C4E3F5G6F3G3F2C5F6F7B6C3H7B3G2A7B5E1G7G1B4H8F1H5B2A3E7D8D7B1C2C6A4A5A6A2H3G4D1
[info][goal=303] range=50..=100 symmetry=0 vars=497330 clauses=4864171
[info][goal=348] build single CNF with h=[44..=88] (start_discs=4, goal_discs=48)
[info][goal=348] this goal has 2 symmetric candidate(s) (from all 8 symmetries)
UNSAT
[info][goal=348] range=44..=88 symmetry=0 vars=437666 clauses=4280509
[info][goal=348] trying goal symmetry=1
[info][goal=348] range=44..=88 symmetry=1 vars=437666 clauses=4280509
[info][goal=349] build single CNF with h=[37..=74] (start_discs=4, goal_discs=41)
[info][goal=349] this goal has 2 symmetric candidate(s) (from all 8 symmetries)
UNSAT
[info][goal=349] range=37..=74 symmetry=0 vars=368058 clauses=3599570
[info][goal=461] build single CNF with h=[47..=94] (start_discs=4, goal_discs=51)
[info][goal=461] this goal has 2 symmetric candidate(s) (from all 8 symmetries)
UNSAT
[info][goal=461] range=47..=94 symmetry=0 vars=467498 clauses=4572340
[info][goal=350] build single CNF with h=[51..=102] (start_discs=4, goal_discs=55)
[info][goal=350] this goal has 2 symmetric candidate(s) (from all 8 symmetries)
UNSAT
[info][goal=350] range=51..=102 symmetry=0 vars=507274 clauses=4961448
[info][goal=235] build single CNF with h=[45..=90] (start_discs=4, goal_discs=49)
[info][goal=235] this goal has 2 symmetric candidate(s) (from all 8 symmetries)
UNSAT
[info][goal=235] range=45..=90 symmetry=0 vars=447610 clauses=4377786
[info][goal=349] trying goal symmetry=1
[info][goal=349] range=37..=74 symmetry=1 vars=368058 clauses=3599570
[info][goal=235] trying goal symmetry=1
[info][goal=235] range=45..=90 symmetry=1 vars=447610 clauses=4377786
[info][goal=25] trying goal symmetry=1
[info][goal=25] range=42..=84 symmetry=1 vars=417778 clauses=4085955
[info][goal=248] build single CNF with h=[44..=88] (start_discs=4, goal_discs=48)
[info][goal=248] this goal has 2 symmetric candidate(s) (from all 8 symmetries)
UNSAT
[info][goal=248] range=44..=88 symmetry=0 vars=437666 clauses=4280509
[info][goal=236] build single CNF with h=[38..=76] (start_discs=4, goal_discs=42)
[info][goal=236] this goal has 2 symmetric candidate(s) (from all 8 symmetries)
UNSAT
[info][goal=236] range=38..=76 symmetry=0 vars=378002 clauses=3696847
[info][goal=339] build single CNF with h=[47..=94] (start_discs=4, goal_discs=51)
[info][goal=339] this goal has 2 symmetric candidate(s) (from all 8 symmetries)
UNKNOWN
[info][goal=339] range=47..=94 symmetry=0 vars=467498 clauses=4572340
[info][goal=341] trying goal symmetry=1
[info][goal=341] range=45..=90 symmetry=1 vars=447610 clauses=4377786
[info][goal=236] trying goal symmetry=1
[info][goal=236] range=38..=76 symmetry=1 vars=378002 clauses=3696847
[info][goal=26] build single CNF with h=[45..=90] (start_discs=4, goal_discs=49)
[info][goal=26] this goal has 2 symmetric candidate(s) (from all 8 symmetries)
UNSAT
[info][goal=26] range=45..=90 symmetry=0 vars=447610 clauses=4377786
[info][goal=248] trying goal symmetry=1
[info][goal=248] range=44..=88 symmetry=1 vars=437666 clauses=4280509
[info][goal=350] trying goal symmetry=1
[info][goal=350] range=51..=102 symmetry=1 vars=507274 clauses=4961448
[info][goal=119] trying goal symmetry=1
[info][goal=119] range=49..=98 symmetry=1 vars=487386 clauses=4766894
[info][goal=26] trying goal symmetry=1
[info][goal=26] range=45..=90 symmetry=1 vars=447610 clauses=4377786
[info][goal=339] trying goal symmetry=1
[info][goal=339] range=47..=94 symmetry=1 vars=467498 clauses=4572340
[info][goal=99] build single CNF with h=[44..=88] (start_discs=4, goal_discs=48)
[info][goal=99] this goal has 2 symmetric candidate(s) (from all 8 symmetries)
UNKNOWN
[info][goal=99] range=44..=88 symmetry=0 vars=437666 clauses=4280509
[info][goal=249] build single CNF with h=[41..=82] (start_discs=4, goal_discs=45)
[info][goal=249] this goal has 2 symmetric candidate(s) (from all 8 symmetries)
UNSAT
[info][goal=249] range=41..=82 symmetry=0 vars=407834 clauses=3988678
[info][goal=237] build single CNF with h=[45..=90] (start_discs=4, goal_discs=49)
[info][goal=237] this goal has 2 symmetric candidate(s) (from all 8 symmetries)
UNSAT
[info][goal=237] range=45..=90 symmetry=0 vars=447610 clauses=4377786
[info][goal=507] trying goal symmetry=1
[info][goal=507] range=42..=84 symmetry=1 vars=417778 clauses=4085955
[info][goal=99] trying goal symmetry=1
[info][goal=99] range=44..=88 symmetry=1 vars=437666 clauses=4280509
[info][goal=249] trying goal symmetry=1
[info][goal=249] range=41..=82 symmetry=1 vars=407834 clauses=3988678
[info][goal=340] build single CNF with h=[46..=92] (start_discs=4, goal_discs=50)
[info][goal=340] this goal has 2 symmetric candidate(s) (from all 8 symmetries)
UNSAT
[info][goal=340] range=46..=92 symmetry=0 vars=457554 clauses=4475063
[info][goal=351] build single CNF with h=[45..=90] (start_discs=4, goal_discs=49)
[info][goal=351] this goal has 2 symmetric candidate(s) (from all 8 symmetries)
UNSAT
[info][goal=351] range=45..=90 symmetry=0 vars=447610 clauses=4377786
[info][goal=387] trying goal symmetry=1
[info][goal=387] range=42..=84 symmetry=1 vars=417778 clauses=4085955
[info][goal=27] build single CNF with h=[48..=96] (start_discs=4, goal_discs=52)
[info][goal=27] this goal has 2 symmetric candidate(s) (from all 8 symmetries)
UNSAT
[info][goal=27] range=48..=96 symmetry=0 vars=477442 clauses=4669617
[info][goal=310] build single CNF with h=[46..=92] (start_discs=4, goal_discs=50)
[info][goal=310] this goal has 2 symmetric candidate(s) (from all 8 symmetries)
UNKNOWN
[info][goal=310] range=46..=92 symmetry=0 vars=457554 clauses=4475063
[info][goal=443] build single CNF with h=[45..=90] (start_discs=4, goal_discs=49)
[info][goal=443] this goal has 2 symmetric candidate(s) (from all 8 symmetries)
UNKNOWN
[info][goal=443] range=45..=90 symmetry=0 vars=447610 clauses=4377786
[info][goal=100] build single CNF with h=[46..=92] (start_discs=4, goal_discs=50)
[info][goal=100] this goal has 2 symmetric candidate(s) (from all 8 symmetries)
UNSAT
[info][goal=100] range=46..=92 symmetry=0 vars=457554 clauses=4475063
[info][goal=443] trying goal symmetry=1
[info][goal=443] range=45..=90 symmetry=1 vars=447610 clauses=4377786
[info][goal=351] trying goal symmetry=1
[info][goal=351] range=45..=90 symmetry=1 vars=447610 clauses=4377786
UNSAT
[info][goal=250] build single CNF with h=[44..=88] (start_discs=4, goal_discs=48)
[info][goal=250] this goal has 2 symmetric candidate(s) (from all 8 symmetries)
[info][goal=250] range=44..=88 symmetry=0 vars=437666 clauses=4280509
[info][goal=27] trying goal symmetry=1
[info][goal=27] range=48..=96 symmetry=1 vars=477442 clauses=4669617
[info][goal=425] trying goal symmetry=1
[info][goal=425] range=39..=78 symmetry=1 vars=387946 clauses=3794124
[info][goal=237] trying goal symmetry=1
[info][goal=237] range=45..=90 symmetry=1 vars=447610 clauses=4377786
[info][goal=352] build single CNF with h=[45..=90] (start_discs=4, goal_discs=49)
[info][goal=352] this goal has 2 symmetric candidate(s) (from all 8 symmetries)
UNSAT
[info][goal=352] range=45..=90 symmetry=0 vars=447610 clauses=4377786
[info][goal=100] trying goal symmetry=1
[info][goal=100] range=46..=92 symmetry=1 vars=457554 clauses=4475063
[info][goal=28] build single CNF with h=[46..=92] (start_discs=4, goal_discs=50)
[info][goal=28] this goal has 2 symmetric candidate(s) (from all 8 symmetries)
UNSAT
[info][goal=28] range=46..=92 symmetry=0 vars=457554 clauses=4475063
[info][goal=303] trying goal symmetry=1
[info][goal=303] range=50..=100 symmetry=1 vars=497330 clauses=4864171
[info][goal=444] build single CNF with h=[44..=88] (start_discs=4, goal_discs=48)
[info][goal=444] this goal has 2 symmetric candidate(s) (from all 8 symmetries)
UNSAT
[info][goal=444] range=44..=88 symmetry=0 vars=437666 clauses=4280509
[info][goal=310] trying goal symmetry=1
[info][goal=310] range=46..=92 symmetry=1 vars=457554 clauses=4475063
[info][goal=461] trying goal symmetry=1
[info][goal=461] range=47..=94 symmetry=1 vars=467498 clauses=4572340
[info][goal=238] build single CNF with h=[48..=96] (start_discs=4, goal_discs=52)
[info][goal=238] this goal has 2 symmetric candidate(s) (from all 8 symmetries)
UNSAT
[info][goal=238] range=48..=96 symmetry=0 vars=477442 clauses=4669617
[info][goal=444] trying goal symmetry=1
[info][goal=444] range=44..=88 symmetry=1 vars=437666 clauses=4280509
[info][goal=101] build single CNF with h=[45..=90] (start_discs=4, goal_discs=49)
[info][goal=101] this goal has 2 symmetric candidate(s) (from all 8 symmetries)
UNSAT
[info][goal=101] range=45..=90 symmetry=0 vars=447610 clauses=4377786
[info][goal=28] trying goal symmetry=1
[info][goal=28] range=46..=92 symmetry=1 vars=457554 clauses=4475063
[info][goal=238] trying goal symmetry=1
[info][goal=238] range=48..=96 symmetry=1 vars=477442 clauses=4669617
[info][goal=311] build single CNF with h=[44..=88] (start_discs=4, goal_discs=48)
[info][goal=311] this goal has 2 symmetric candidate(s) (from all 8 symmetries)
UNSAT
[info][goal=311] range=44..=88 symmetry=0 vars=437666 clauses=4280509
[info][goal=340] trying goal symmetry=1
[info][goal=340] range=46..=92 symmetry=1 vars=457554 clauses=4475063
UNSAT
[info][goal=239] build single CNF with h=[39..=78] (start_discs=4, goal_discs=43)
[info][goal=239] this goal has 2 symmetric candidate(s) (from all 8 symmetries)
[info][goal=239] range=39..=78 symmetry=0 vars=387946 clauses=3794124
[info][goal=445] build single CNF with h=[45..=90] (start_discs=4, goal_discs=49)
[info][goal=445] this goal has 2 symmetric candidate(s) (from all 8 symmetries)
UNSAT
[info][goal=445] range=45..=90 symmetry=0 vars=447610 clauses=4377786
[info][goal=342] build single CNF with h=[46..=92] (start_discs=4, goal_discs=50)
[info][goal=342] this goal has 2 symmetric candidate(s) (from all 8 symmetries)
UNKNOWN
[info][goal=342] range=46..=92 symmetry=0 vars=457554 clauses=4475063
[info][goal=239] trying goal symmetry=1
[info][goal=239] range=39..=78 symmetry=1 vars=387946 clauses=3794124
[info][goal=120] build single CNF with h=[49..=98] (start_discs=4, goal_discs=53)
[info][goal=120] this goal has 2 symmetric candidate(s) (from all 8 symmetries)
UNKNOWN
[info][goal=120] range=49..=98 symmetry=0 vars=487386 clauses=4766894
[info][goal=101] trying goal symmetry=1
[info][goal=101] range=45..=90 symmetry=1 vars=447610 clauses=4377786
[info][goal=342] trying goal symmetry=1
[info][goal=342] range=46..=92 symmetry=1 vars=457554 clauses=4475063
[info][goal=445] trying goal symmetry=1
[info][goal=445] range=45..=90 symmetry=1 vars=447610 clauses=4377786
[info][goal=240] build single CNF with h=[41..=82] (start_discs=4, goal_discs=45)
[info][goal=240] this goal has 2 symmetric candidate(s) (from all 8 symmetries)
UNSAT
[info][goal=240] range=41..=82 symmetry=0 vars=407834 clauses=3988678
[info][goal=508] build single CNF with h=[42..=84] (start_discs=4, goal_discs=46)
[info][goal=508] this goal has 2 symmetric candidate(s) (from all 8 symmetries)
UNKNOWN
[info][goal=508] range=42..=84 symmetry=0 vars=417778 clauses=4085955
[info][goal=388] build single CNF with h=[41..=82] (start_discs=4, goal_discs=45)
[info][goal=388] this goal has 2 symmetric candidate(s) (from all 8 symmetries)
UNKNOWN
[info][goal=388] range=41..=82 symmetry=0 vars=407834 clauses=3988678
[info][goal=29] build single CNF with h=[45..=90] (start_discs=4, goal_discs=49)
[info][goal=29] this goal has 2 symmetric candidate(s) (from all 8 symmetries)
UNSAT
[info][goal=29] range=45..=90 symmetry=0 vars=447610 clauses=4377786
[info][goal=446] build single CNF with h=[46..=92] (start_discs=4, goal_discs=50)
[info][goal=446] this goal has 2 symmetric candidate(s) (from all 8 symmetries)
UNSAT
[info][goal=446] range=46..=92 symmetry=0 vars=457554 clauses=4475063
[info][goal=343] build single CNF with h=[47..=94] (start_discs=4, goal_discs=51)
[info][goal=343] this goal has 2 symmetric candidate(s) (from all 8 symmetries)
UNSAT
[info][goal=343] range=47..=94 symmetry=0 vars=467498 clauses=4572340
[info][goal=388] trying goal symmetry=1
[info][goal=388] range=41..=82 symmetry=1 vars=407834 clauses=3988678
[info][goal=124] build single CNF with h=[46..=92] (start_discs=4, goal_discs=50)
[info][goal=124] this goal has 2 symmetric candidate(s) (from all 8 symmetries)
UNSAT
[info][goal=124] range=46..=92 symmetry=0 vars=457554 clauses=4475063
[info][goal=250] trying goal symmetry=1
[info][goal=250] range=44..=88 symmetry=1 vars=437666 clauses=4280509
[info][goal=532] build single CNF with h=[43..=86] (start_discs=4, goal_discs=47)
[info][goal=532] this goal has 2 symmetric candidate(s) (from all 8 symmetries)
UNKNOWN
[info][goal=532] range=43..=86 symmetry=0 vars=427722 clauses=4183232
[info][goal=102] build single CNF with h=[46..=92] (start_discs=4, goal_discs=50)
[info][goal=102] this goal has 2 symmetric candidate(s) (from all 8 symmetries)
UNSAT
[info][goal=102] range=46..=92 symmetry=0 vars=457554 clauses=4475063
[info][goal=29] trying goal symmetry=1
[info][goal=29] range=45..=90 symmetry=1 vars=447610 clauses=4377786
[info][goal=352] trying goal symmetry=1
[info][goal=352] range=45..=90 symmetry=1 vars=447610 clauses=4377786
[info][goal=124] trying goal symmetry=1
[info][goal=124] range=46..=92 symmetry=1 vars=457554 clauses=4475063
[info][goal=304] build single CNF with h=[43..=86] (start_discs=4, goal_discs=47)
[info][goal=304] this goal has 2 symmetric candidate(s) (from all 8 symmetries)
UNKNOWN
[info][goal=304] range=43..=86 symmetry=0 vars=427722 clauses=4183232
[info][goal=508] trying goal symmetry=1
[info][goal=508] range=42..=84 symmetry=1 vars=417778 clauses=4085955
[info][goal=389] build single CNF with h=[49..=98] (start_discs=4, goal_discs=53)
[info][goal=389] this goal has 2 symmetric candidate(s) (from all 8 symmetries)
UNSAT
[info][goal=389] range=49..=98 symmetry=0 vars=487386 clauses=4766894
[info][goal=311] trying goal symmetry=1
[info][goal=311] range=44..=88 symmetry=1 vars=437666 clauses=4280509
[info][goal=304] trying goal symmetry=1
[info][goal=304] range=43..=86 symmetry=1 vars=427722 clauses=4183232
[info][goal=462] build single CNF with h=[44..=88] (start_discs=4, goal_discs=48)
[info][goal=462] this goal has 2 symmetric candidate(s) (from all 8 symmetries)
UNKNOWN
[info][goal=462] range=44..=88 symmetry=0 vars=437666 clauses=4280509
[info][goal=532] trying goal symmetry=1
[info][goal=532] range=43..=86 symmetry=1 vars=427722 clauses=4183232
[info][goal=446] trying goal symmetry=1
[info][goal=446] range=46..=92 symmetry=1 vars=457554 clauses=4475063
[info][goal=125] build single CNF with h=[47..=94] (start_discs=4, goal_discs=51)
[info][goal=125] this goal has 2 symmetric candidate(s) (from all 8 symmetries)
UNSAT
[info][goal=125] range=47..=94 symmetry=0 vars=467498 clauses=4572340
[info][goal=30] build single CNF with h=[48..=96] (start_discs=4, goal_discs=52)
[info][goal=30] this goal has 2 symmetric candidate(s) (from all 8 symmetries)
UNSAT
[info][goal=30] range=48..=96 symmetry=0 vars=477442 clauses=4669617
[info][goal=462] trying goal symmetry=1
[info][goal=462] range=44..=88 symmetry=1 vars=437666 clauses=4280509
[info][goal=240] trying goal symmetry=1
[info][goal=240] range=41..=82 symmetry=1 vars=407834 clauses=3988678
[info][goal=305] build single CNF with h=[44..=88] (start_discs=4, goal_discs=48)
[info][goal=305] this goal has 2 symmetric candidate(s) (from all 8 symmetries)
UNSAT
[info][goal=305] range=44..=88 symmetry=0 vars=437666 clauses=4280509
[info][goal=533] build single CNF with h=[44..=88] (start_discs=4, goal_discs=48)
[info][goal=533] this goal has 2 symmetric candidate(s) (from all 8 symmetries)
UNSAT
[info][goal=533] range=44..=88 symmetry=0 vars=437666 clauses=4280509
[info][goal=251] build single CNF with h=[46..=92] (start_discs=4, goal_discs=50)
[info][goal=251] this goal has 2 symmetric candidate(s) (from all 8 symmetries)
[250] SAT (H=44)
[250] Record: D3C3E6E3C4F5F2F6G6D7G5G1E2F3G4B5B3D2C1A2F1G3C6H5B4G7H8B7H6E7B6B2E8C7D8A5G2H2E1A4B1A1A3G8
[info][goal=251] range=46..=92 symmetry=0 vars=457554 clauses=4475063
[info][goal=463] build single CNF with h=[47..=94] (start_discs=4, goal_discs=51)
[info][goal=463] this goal has 2 symmetric candidate(s) (from all 8 symmetries)
UNSAT
[info][goal=463] range=47..=94 symmetry=0 vars=467498 clauses=4572340
[info][goal=533] trying goal symmetry=1
[info][goal=533] range=44..=88 symmetry=1 vars=437666 clauses=4280509
[info][goal=125] trying goal symmetry=1
[info][goal=125] range=47..=94 symmetry=1 vars=467498 clauses=4572340
[info][goal=447] build single CNF with h=[41..=82] (start_discs=4, goal_discs=45)
[info][goal=447] this goal has 2 symmetric candidate(s) (from all 8 symmetries)
UNSAT
[info][goal=447] range=41..=82 symmetry=0 vars=407834 clauses=3988678
[info][goal=534] build single CNF with h=[48..=96] (start_discs=4, goal_discs=52)
[info][goal=534] this goal has 2 symmetric candidate(s) (from all 8 symmetries)
UNSAT
[info][goal=534] range=48..=96 symmetry=0 vars=477442 clauses=4669617
[info][goal=447] trying goal symmetry=1
[info][goal=447] range=41..=82 symmetry=1 vars=407834 clauses=3988678
[info][goal=120] trying goal symmetry=1
[info][goal=120] range=49..=98 symmetry=1 vars=487386 clauses=4766894
[info][goal=126] build single CNF with h=[46..=92] (start_discs=4, goal_discs=50)
[info][goal=126] this goal has 2 symmetric candidate(s) (from all 8 symmetries)
UNSAT
[info][goal=126] range=46..=92 symmetry=0 vars=457554 clauses=4475063
[info][goal=251] trying goal symmetry=1
[info][goal=251] range=46..=92 symmetry=1 vars=457554 clauses=4475063
[info][goal=241] build single CNF with h=[46..=92] (start_discs=4, goal_discs=50)
[info][goal=241] this goal has 2 symmetric candidate(s) (from all 8 symmetries)
UNSAT
[info][goal=241] range=46..=92 symmetry=0 vars=457554 clauses=4475063
[info][goal=305] trying goal symmetry=1
[info][goal=305] range=44..=88 symmetry=1 vars=437666 clauses=4280509
[info][goal=534] trying goal symmetry=1
[info][goal=534] range=48..=96 symmetry=1 vars=477442 clauses=4669617
[info][goal=448] build single CNF with h=[46..=92] (start_discs=4, goal_discs=50)
[info][goal=448] this goal has 2 symmetric candidate(s) (from all 8 symmetries)
UNSAT
[info][goal=448] range=46..=92 symmetry=0 vars=457554 clauses=4475063
[info][goal=509] build single CNF with h=[48..=96] (start_discs=4, goal_discs=52)
[info][goal=509] this goal has 2 symmetric candidate(s) (from all 8 symmetries)
UNSAT
[info][goal=509] range=48..=96 symmetry=0 vars=477442 clauses=4669617
[info][goal=535] build single CNF with h=[43..=86] (start_discs=4, goal_discs=47)
[info][goal=535] this goal has 2 symmetric candidate(s) (from all 8 symmetries)
UNSAT
[info][goal=535] range=43..=86 symmetry=0 vars=427722 clauses=4183232
[info][goal=343] trying goal symmetry=1
[info][goal=343] range=47..=94 symmetry=1 vars=467498 clauses=4572340
[info][goal=306] build single CNF with h=[45..=90] (start_discs=4, goal_discs=49)
[info][goal=306] this goal has 2 symmetric candidate(s) (from all 8 symmetries)
UNSAT
[info][goal=306] range=45..=90 symmetry=0 vars=447610 clauses=4377786
[info][goal=252] build single CNF with h=[42..=84] (start_discs=4, goal_discs=46)
[info][goal=252] this goal has 2 symmetric candidate(s) (from all 8 symmetries)
UNSAT
[info][goal=252] range=42..=84 symmetry=0 vars=417778 clauses=4085955
[info][goal=102] trying goal symmetry=1
[info][goal=102] range=46..=92 symmetry=1 vars=457554 clauses=4475063
[info][goal=509] trying goal symmetry=1
[info][goal=509] range=48..=96 symmetry=1 vars=477442 clauses=4669617
[info][goal=448] trying goal symmetry=1
[info][goal=448] range=46..=92 symmetry=1 vars=457554 clauses=4475063
[info][goal=312] build single CNF with h=[42..=84] (start_discs=4, goal_discs=46)
[info][goal=312] this goal has 2 symmetric candidate(s) (from all 8 symmetries)
UNSAT
[info][goal=312] range=42..=84 symmetry=0 vars=417778 clauses=4085955
[info][goal=353] build single CNF with h=[48..=96] (start_discs=4, goal_discs=52)
[info][goal=353] this goal has 2 symmetric candidate(s) (from all 8 symmetries)
UNKNOWN
[info][goal=353] range=48..=96 symmetry=0 vars=477442 clauses=4669617
[info][goal=252] trying goal symmetry=1
[info][goal=252] range=42..=84 symmetry=1 vars=417778 clauses=4085955
[info][goal=306] trying goal symmetry=1
[info][goal=306] range=45..=90 symmetry=1 vars=447610 clauses=4377786
[info][goal=389] trying goal symmetry=1
[info][goal=389] range=49..=98 symmetry=1 vars=487386 clauses=4766894
[info][goal=126] trying goal symmetry=1
[info][goal=126] range=46..=92 symmetry=1 vars=457554 clauses=4475063
[info][goal=253] build single CNF with h=[48..=96] (start_discs=4, goal_discs=52)
[info][goal=253] this goal has 2 symmetric candidate(s) (from all 8 symmetries)
UNSAT
[info][goal=253] range=48..=96 symmetry=0 vars=477442 clauses=4669617
[info][goal=353] trying goal symmetry=1
[info][goal=353] range=48..=96 symmetry=1 vars=477442 clauses=4669617
[info][goal=307] build single CNF with h=[44..=88] (start_discs=4, goal_discs=48)
[info][goal=307] this goal has 2 symmetric candidate(s) (from all 8 symmetries)
UNSAT
[info][goal=307] range=44..=88 symmetry=0 vars=437666 clauses=4280509
[info][goal=312] trying goal symmetry=1
[info][goal=312] range=42..=84 symmetry=1 vars=417778 clauses=4085955
[info][goal=510] build single CNF with h=[47..=94] (start_discs=4, goal_discs=51)
[info][goal=510] this goal has 2 symmetric candidate(s) (from all 8 symmetries)
UNSAT
[info][goal=510] range=47..=94 symmetry=0 vars=467498 clauses=4572340
[info][goal=30] trying goal symmetry=1
[info][goal=30] range=48..=96 symmetry=1 vars=477442 clauses=4669617
[info][goal=463] trying goal symmetry=1
[info][goal=463] range=47..=94 symmetry=1 vars=467498 clauses=4572340
[info][goal=308] build single CNF with h=[43..=86] (start_discs=4, goal_discs=47)
[info][goal=308] this goal has 2 symmetric candidate(s) (from all 8 symmetries)
[307] SAT (H=44)
[307] Record: D3C5F6E3C3D2E1G7D6E7B5D1F2F5E6B3D7C6B7C8F7F3G4G6H6A4G2H1H2H7E2H3G5F4B2E8A3A2A5B4B6B8A6G1
[info][goal=308] range=43..=86 symmetry=0 vars=427722 clauses=4183232
[info][goal=313] build single CNF with h=[45..=90] (start_discs=4, goal_discs=49)
[info][goal=313] this goal has 2 symmetric candidate(s) (from all 8 symmetries)
UNSAT
[info][goal=313] range=45..=90 symmetry=0 vars=447610 clauses=4377786
[info][goal=535] trying goal symmetry=1
[info][goal=535] range=43..=86 symmetry=1 vars=427722 clauses=4183232
[info][goal=510] trying goal symmetry=1
[info][goal=510] range=47..=94 symmetry=1 vars=467498 clauses=4572340
[info][goal=354] build single CNF with h=[46..=92] (start_discs=4, goal_discs=50)
[info][goal=354] this goal has 2 symmetric candidate(s) (from all 8 symmetries)
UNSAT
[info][goal=354] range=46..=92 symmetry=0 vars=457554 clauses=4475063
[info][goal=449] build single CNF with h=[45..=90] (start_discs=4, goal_discs=49)
[info][goal=449] this goal has 2 symmetric candidate(s) (from all 8 symmetries)
UNSAT
[info][goal=449] range=45..=90 symmetry=0 vars=447610 clauses=4377786
[info][goal=253] trying goal symmetry=1
[info][goal=253] range=48..=96 symmetry=1 vars=477442 clauses=4669617
[info][goal=313] trying goal symmetry=1
[info][goal=313] range=45..=90 symmetry=1 vars=447610 clauses=4377786
[info][goal=308] trying goal symmetry=1
[info][goal=308] range=43..=86 symmetry=1 vars=427722 clauses=4183232
[info][goal=354] trying goal symmetry=1
[info][goal=354] range=46..=92 symmetry=1 vars=457554 clauses=4475063
[info][goal=309] build single CNF with h=[41..=82] (start_discs=4, goal_discs=45)
[info][goal=309] this goal has 2 symmetric candidate(s) (from all 8 symmetries)
UNSAT
[info][goal=309] range=41..=82 symmetry=0 vars=407834 clauses=3988678
[info][goal=254] build single CNF with h=[49..=98] (start_discs=4, goal_discs=53)
[info][goal=254] this goal has 2 symmetric candidate(s) (from all 8 symmetries)
UNSAT
[info][goal=254] range=49..=98 symmetry=0 vars=487386 clauses=4766894
[info][goal=449] trying goal symmetry=1
[info][goal=449] range=45..=90 symmetry=1 vars=447610 clauses=4377786
[info][goal=121] build single CNF with h=[42..=84] (start_discs=4, goal_discs=46)
[info][goal=121] this goal has 2 symmetric candidate(s) (from all 8 symmetries)
UNKNOWN
[info][goal=121] range=42..=84 symmetry=0 vars=417778 clauses=4085955
[info][goal=127] build single CNF with h=[46..=92] (start_discs=4, goal_discs=50)
[info][goal=127] this goal has 2 symmetric candidate(s) (from all 8 symmetries)
UNSAT
[info][goal=127] range=46..=92 symmetry=0 vars=457554 clauses=4475063
[info][goal=241] trying goal symmetry=1
[info][goal=241] range=46..=92 symmetry=1 vars=457554 clauses=4475063
[info][goal=511] build single CNF with h=[48..=96] (start_discs=4, goal_discs=52)
[info][goal=511] this goal has 2 symmetric candidate(s) (from all 8 symmetries)
UNSAT
[info][goal=511] range=48..=96 symmetry=0 vars=477442 clauses=4669617
[info][goal=122] build single CNF with h=[45..=90] (start_discs=4, goal_discs=49)
[info][goal=122] this goal has 2 symmetric candidate(s) (from all 8 symmetries)
UNSAT
[info][goal=122] range=45..=90 symmetry=0 vars=447610 clauses=4377786
[info][goal=127] trying goal symmetry=1
[info][goal=127] range=46..=92 symmetry=1 vars=457554 clauses=4475063
[info][goal=314] build single CNF with h=[48..=96] (start_discs=4, goal_discs=52)
[info][goal=314] this goal has 2 symmetric candidate(s) (from all 8 symmetries)
UNSAT
[info][goal=314] range=48..=96 symmetry=0 vars=477442 clauses=4669617
[info][goal=309] trying goal symmetry=1
[info][goal=309] range=41..=82 symmetry=1 vars=407834 clauses=3988678
[info][goal=122] trying goal symmetry=1
[info][goal=122] range=45..=90 symmetry=1 vars=447610 clauses=4377786
[info][goal=450] build single CNF with h=[44..=88] (start_discs=4, goal_discs=48)
[info][goal=450] this goal has 2 symmetric candidate(s) (from all 8 symmetries)
UNSAT
[info][goal=450] range=44..=88 symmetry=0 vars=437666 clauses=4280509
[info][goal=514] build single CNF with h=[42..=84] (start_discs=4, goal_discs=46)
[info][goal=514] this goal has 2 symmetric candidate(s) (from all 8 symmetries)
UNSAT
[info][goal=514] range=42..=84 symmetry=0 vars=417778 clauses=4085955
[info][goal=314] trying goal symmetry=1
[info][goal=314] range=48..=96 symmetry=1 vars=477442 clauses=4669617
[info][goal=344] build single CNF with h=[45..=90] (start_discs=4, goal_discs=49)
[info][goal=344] this goal has 2 symmetric candidate(s) (from all 8 symmetries)
UNKNOWN
[info][goal=344] range=45..=90 symmetry=0 vars=447610 clauses=4377786
[info][goal=128] build single CNF with h=[47..=94] (start_discs=4, goal_discs=51)
[info][goal=128] this goal has 2 symmetric candidate(s) (from all 8 symmetries)
UNSAT
[info][goal=128] range=47..=94 symmetry=0 vars=467498 clauses=4572340
[info][goal=514] trying goal symmetry=1
[info][goal=514] range=42..=84 symmetry=1 vars=417778 clauses=4085955
[info][goal=103] build single CNF with h=[44..=88] (start_discs=4, goal_discs=48)
[info][goal=103] this goal has 2 symmetric candidate(s) (from all 8 symmetries)
UNKNOWN
[info][goal=103] range=44..=88 symmetry=0 vars=437666 clauses=4280509
[info][goal=536] build single CNF with h=[43..=86] (start_discs=4, goal_discs=47)
[info][goal=536] this goal has 2 symmetric candidate(s) (from all 8 symmetries)
UNSAT
[info][goal=536] range=43..=86 symmetry=0 vars=427722 clauses=4183232
[info][goal=123] build single CNF with h=[40..=80] (start_discs=4, goal_discs=44)
[info][goal=123] this goal has 2 symmetric candidate(s) (from all 8 symmetries)
UNSAT
[info][goal=123] range=40..=80 symmetry=0 vars=397890 clauses=3891401
[info][goal=536] trying goal symmetry=1
[info][goal=536] range=43..=86 symmetry=1 vars=427722 clauses=4183232
[info][goal=537] build single CNF with h=[41..=82] (start_discs=4, goal_discs=45)
[info][goal=537] this goal has 2 symmetric candidate(s) (from all 8 symmetries)
UNSAT
[info][goal=537] range=41..=82 symmetry=0 vars=407834 clauses=3988678
[info][goal=515] build single CNF with h=[45..=90] (start_discs=4, goal_discs=49)
[info][goal=515] this goal has 2 symmetric candidate(s) (from all 8 symmetries)
UNSAT
[info][goal=515] range=45..=90 symmetry=0 vars=447610 clauses=4377786
[info][goal=452] build single CNF with h=[48..=96] (start_discs=4, goal_discs=52)
[info][goal=452] this goal has 2 symmetric candidate(s) (from all 8 symmetries)
UNKNOWN
[info][goal=452] range=48..=96 symmetry=0 vars=477442 clauses=4669617
[info][goal=103] trying goal symmetry=1
[info][goal=103] range=44..=88 symmetry=1 vars=437666 clauses=4280509
[info][goal=123] trying goal symmetry=1
[info][goal=123] range=40..=80 symmetry=1 vars=397890 clauses=3891401
[info][goal=121] trying goal symmetry=1
[info][goal=121] range=42..=84 symmetry=1 vars=417778 clauses=4085955
[info][goal=515] trying goal symmetry=1
[info][goal=515] range=45..=90 symmetry=1 vars=447610 clauses=4377786
[info][goal=344] trying goal symmetry=1
[info][goal=344] range=45..=90 symmetry=1 vars=447610 clauses=4377786
[info][goal=315] build single CNF with h=[49..=98] (start_discs=4, goal_discs=53)
[info][goal=315] this goal has 2 symmetric candidate(s) (from all 8 symmetries)
UNSAT
[info][goal=315] range=49..=98 symmetry=0 vars=487386 clauses=4766894
[info][goal=31] build single CNF with h=[43..=86] (start_discs=4, goal_discs=47)
[info][goal=31] this goal has 2 symmetric candidate(s) (from all 8 symmetries)
UNKNOWN
[info][goal=31] range=43..=86 symmetry=0 vars=427722 clauses=4183232
[info][goal=452] trying goal symmetry=1
[info][goal=452] range=48..=96 symmetry=1 vars=477442 clauses=4669617
[info][goal=537] trying goal symmetry=1
[info][goal=537] range=41..=82 symmetry=1 vars=407834 clauses=3988678
[info][goal=104] build single CNF with h=[41..=82] (start_discs=4, goal_discs=45)
[info][goal=104] this goal has 2 symmetric candidate(s) (from all 8 symmetries)
UNSAT
[info][goal=104] range=41..=82 symmetry=0 vars=407834 clauses=3988678
UNKNOWN
[info][goal=464] build single CNF with h=[45..=90] (start_discs=4, goal_discs=49)
[info][goal=464] this goal has 2 symmetric candidate(s) (from all 8 symmetries)
[info][goal=464] range=45..=90 symmetry=0 vars=447610 clauses=4377786
[info][goal=133] build single CNF with h=[44..=88] (start_discs=4, goal_discs=48)
[info][goal=133] this goal has 2 symmetric candidate(s) (from all 8 symmetries)
UNSAT
[info][goal=133] range=44..=88 symmetry=0 vars=437666 clauses=4280509
[info][goal=104] trying goal symmetry=1
[info][goal=104] range=41..=82 symmetry=1 vars=407834 clauses=3988678
[info][goal=31] trying goal symmetry=1
[info][goal=31] range=43..=86 symmetry=1 vars=427722 clauses=4183232
[info][goal=133] trying goal symmetry=1
[info][goal=133] range=44..=88 symmetry=1 vars=437666 clauses=4280509
[info][goal=345] build single CNF with h=[45..=90] (start_discs=4, goal_discs=49)
[info][goal=345] this goal has 2 symmetric candidate(s) (from all 8 symmetries)
UNSAT
[info][goal=345] range=45..=90 symmetry=0 vars=447610 clauses=4377786
[info][goal=538] build single CNF with h=[51..=102] (start_discs=4, goal_discs=55)
[info][goal=538] this goal has 2 symmetric candidate(s) (from all 8 symmetries)
UNSAT
[info][goal=538] range=51..=102 symmetry=0 vars=507274 clauses=4961448
[info][goal=453] build single CNF with h=[45..=90] (start_discs=4, goal_discs=49)
[info][goal=453] this goal has 2 symmetric candidate(s) (from all 8 symmetries)
UNSAT
[info][goal=453] range=45..=90 symmetry=0 vars=447610 clauses=4377786
[info][goal=516] build single CNF with h=[48..=96] (start_discs=4, goal_discs=52)
[info][goal=516] this goal has 2 symmetric candidate(s) (from all 8 symmetries)
UNSAT
[info][goal=516] range=48..=96 symmetry=0 vars=477442 clauses=4669617
[info][goal=105] build single CNF with h=[43..=86] (start_discs=4, goal_discs=47)
[info][goal=105] this goal has 2 symmetric candidate(s) (from all 8 symmetries)
UNSAT
[info][goal=105] range=43..=86 symmetry=0 vars=427722 clauses=4183232
[info][goal=453] trying goal symmetry=1
[info][goal=453] range=45..=90 symmetry=1 vars=447610 clauses=4377786
[info][goal=254] trying goal symmetry=1
[info][goal=254] range=49..=98 symmetry=1 vars=487386 clauses=4766894
[info][goal=134] build single CNF with h=[44..=88] (start_discs=4, goal_discs=48)
[info][goal=134] this goal has 2 symmetric candidate(s) (from all 8 symmetries)
UNSAT
[info][goal=134] range=44..=88 symmetry=0 vars=437666 clauses=4280509
[info][goal=242] build single CNF with h=[48..=96] (start_discs=4, goal_discs=52)
UNKNOWN
[info][goal=242] this goal has 2 symmetric candidate(s) (from all 8 symmetries)
[info][goal=242] range=48..=96 symmetry=0 vars=477442 clauses=4669617
[info][goal=32] build single CNF with h=[44..=88] (start_discs=4, goal_discs=48)
[info][goal=32] this goal has 2 symmetric candidate(s) (from all 8 symmetries)
UNSAT
[info][goal=32] range=44..=88 symmetry=0 vars=437666 clauses=4280509
[info][goal=511] trying goal symmetry=1
[info][goal=511] range=48..=96 symmetry=1 vars=477442 clauses=4669617
[info][goal=550] build single CNF with h=[42..=84] (start_discs=4, goal_discs=46)
[info][goal=550] this goal has 2 symmetric candidate(s) (from all 8 symmetries)
UNSAT
[info][goal=550] range=42..=84 symmetry=0 vars=417778 clauses=4085955
[info][goal=454] build single CNF with h=[41..=82] (start_discs=4, goal_discs=45)
[info][goal=454] this goal has 2 symmetric candidate(s) (from all 8 symmetries)
UNSAT
[info][goal=454] range=41..=82 symmetry=0 vars=407834 clauses=3988678
[info][goal=105] trying goal symmetry=1
[info][goal=105] range=43..=86 symmetry=1 vars=427722 clauses=4183232
[info][goal=464] trying goal symmetry=1
[info][goal=464] range=45..=90 symmetry=1 vars=447610 clauses=4377786
[info][goal=134] trying goal symmetry=1
[info][goal=134] range=44..=88 symmetry=1 vars=437666 clauses=4280509
[info][goal=450] trying goal symmetry=1
[info][goal=450] range=44..=88 symmetry=1 vars=437666 clauses=4280509
[info][goal=32] trying goal symmetry=1
[info][goal=32] range=44..=88 symmetry=1 vars=437666 clauses=4280509
UNSAT
[info][goal=130] build single CNF with h=[43..=86] (start_discs=4, goal_discs=47)
[info][goal=130] this goal has 2 symmetric candidate(s) (from all 8 symmetries)
[info][goal=130] range=43..=86 symmetry=0 vars=427722 clauses=4183232
[info][goal=454] trying goal symmetry=1
[info][goal=454] range=41..=82 symmetry=1 vars=407834 clauses=3988678
[info][goal=550] trying goal symmetry=1
[info][goal=550] range=42..=84 symmetry=1 vars=417778 clauses=4085955
[info][goal=128] trying goal symmetry=1
[info][goal=128] range=47..=94 symmetry=1 vars=467498 clauses=4572340
[info][goal=135] build single CNF with h=[45..=90] (start_discs=4, goal_discs=49)
[info][goal=135] this goal has 2 symmetric candidate(s) (from all 8 symmetries)
UNSAT
[info][goal=135] range=45..=90 symmetry=0 vars=447610 clauses=4377786
[info][goal=455] build single CNF with h=[46..=92] (start_discs=4, goal_discs=50)
[info][goal=455] this goal has 2 symmetric candidate(s) (from all 8 symmetries)
UNSAT
[info][goal=455] range=46..=92 symmetry=0 vars=457554 clauses=4475063
[info][goal=33] build single CNF with h=[44..=88] (start_discs=4, goal_discs=48)
[info][goal=33] this goal has 2 symmetric candidate(s) (from all 8 symmetries)
UNSAT
[info][goal=33] range=44..=88 symmetry=0 vars=437666 clauses=4280509
[info][goal=130] trying goal symmetry=1
[info][goal=130] range=43..=86 symmetry=1 vars=427722 clauses=4183232
[info][goal=551] build single CNF with h=[46..=92] (start_discs=4, goal_discs=50)
[info][goal=551] this goal has 2 symmetric candidate(s) (from all 8 symmetries)
UNSAT
[info][goal=551] range=46..=92 symmetry=0 vars=457554 clauses=4475063
[info][goal=465] build single CNF with h=[43..=86] (start_discs=4, goal_discs=47)
[info][goal=465] this goal has 2 symmetric candidate(s) (from all 8 symmetries)
UNSAT
[info][goal=465] range=43..=86 symmetry=0 vars=427722 clauses=4183232
[info][goal=315] trying goal symmetry=1
[info][goal=315] range=49..=98 symmetry=1 vars=487386 clauses=4766894
[info][goal=33] trying goal symmetry=1
[info][goal=33] range=44..=88 symmetry=1 vars=437666 clauses=4280509
[info][goal=455] trying goal symmetry=1
[info][goal=455] range=46..=92 symmetry=1 vars=457554 clauses=4475063
[info][goal=131] build single CNF with h=[45..=90] (start_discs=4, goal_discs=49)
[info][goal=131] this goal has 2 symmetric candidate(s) (from all 8 symmetries)
UNSAT
[info][goal=131] range=45..=90 symmetry=0 vars=447610 clauses=4377786
[info][goal=135] trying goal symmetry=1
[info][goal=135] range=45..=90 symmetry=1 vars=447610 clauses=4377786
[info][goal=34] build single CNF with h=[46..=92] (start_discs=4, goal_discs=50)
[info][goal=34] this goal has 2 symmetric candidate(s) (from all 8 symmetries)
UNSAT
[info][goal=34] range=46..=92 symmetry=0 vars=457554 clauses=4475063
[info][goal=551] trying goal symmetry=1
[info][goal=551] range=46..=92 symmetry=1 vars=457554 clauses=4475063
[info][goal=456] build single CNF with h=[50..=100] (start_discs=4, goal_discs=54)
[info][goal=456] this goal has 2 symmetric candidate(s) (from all 8 symmetries)
UNSAT
[info][goal=456] range=50..=100 symmetry=0 vars=497330 clauses=4864171
[info][goal=345] trying goal symmetry=1
[info][goal=345] range=45..=90 symmetry=1 vars=447610 clauses=4377786
[info][goal=538] trying goal symmetry=1
[info][goal=538] range=51..=102 symmetry=1 vars=507274 clauses=4961448
[info][goal=516] trying goal symmetry=1
[info][goal=516] range=48..=96 symmetry=1 vars=477442 clauses=4669617
[info][goal=136] build single CNF with h=[44..=88] (start_discs=4, goal_discs=48)
[info][goal=136] this goal has 2 symmetric candidate(s) (from all 8 symmetries)
UNSAT
[info][goal=136] range=44..=88 symmetry=0 vars=437666 clauses=4280509
[info][goal=131] trying goal symmetry=1
[info][goal=131] range=45..=90 symmetry=1 vars=447610 clauses=4377786
[info][goal=552] build single CNF with h=[42..=84] (start_discs=4, goal_discs=46)
[info][goal=552] this goal has 2 symmetric candidate(s) (from all 8 symmetries)
UNSAT
[info][goal=552] range=42..=84 symmetry=0 vars=417778 clauses=4085955
[info][goal=242] trying goal symmetry=1
[info][goal=242] range=48..=96 symmetry=1 vars=477442 clauses=4669617
[info][goal=255] build single CNF with h=[42..=84] (start_discs=4, goal_discs=46)
[info][goal=255] this goal has 2 symmetric candidate(s) (from all 8 symmetries)
UNKNOWN
[info][goal=255] range=42..=84 symmetry=0 vars=417778 clauses=4085955
[info][goal=136] trying goal symmetry=1
[info][goal=136] range=44..=88 symmetry=1 vars=437666 clauses=4280509
[info][goal=512] build single CNF with h=[44..=88] (start_discs=4, goal_discs=48)
[info][goal=512] this goal has 2 symmetric candidate(s) (from all 8 symmetries)
UNKNOWN
[info][goal=512] range=44..=88 symmetry=0 vars=437666 clauses=4280509
[info][goal=132] build single CNF with h=[40..=80] (start_discs=4, goal_discs=44)
[info][goal=132] this goal has 2 symmetric candidate(s) (from all 8 symmetries)
UNSAT
[info][goal=132] range=40..=80 symmetry=0 vars=397890 clauses=3891401
[info][goal=456] trying goal symmetry=1
[info][goal=456] range=50..=100 symmetry=1 vars=497330 clauses=4864171
[info][goal=132] trying goal symmetry=1
[info][goal=132] range=40..=80 symmetry=1 vars=397890 clauses=3891401
[info][goal=255] trying goal symmetry=1
[info][goal=255] range=42..=84 symmetry=1 vars=417778 clauses=4085955
[info][goal=137] build single CNF with h=[43..=86] (start_discs=4, goal_discs=47)
[info][goal=137] this goal has 2 symmetric candidate(s) (from all 8 symmetries)
UNSAT
[info][goal=137] range=43..=86 symmetry=0 vars=427722 clauses=4183232
[info][goal=512] trying goal symmetry=1
[info][goal=512] range=44..=88 symmetry=1 vars=437666 clauses=4280509
[info][goal=316] build single CNF with h=[45..=90] (start_discs=4, goal_discs=49)
[info][goal=316] this goal has 2 symmetric candidate(s) (from all 8 symmetries)
UNSAT
[info][goal=316] range=45..=90 symmetry=0 vars=447610 clauses=4377786
[info][goal=451] build single CNF with h=[41..=82] (start_discs=4, goal_discs=45)
[info][goal=451] this goal has 2 symmetric candidate(s) (from all 8 symmetries)
UNKNOWN
[info][goal=451] range=41..=82 symmetry=0 vars=407834 clauses=3988678
[info][goal=256] build single CNF with h=[43..=86] (start_discs=4, goal_discs=47)
[info][goal=256] this goal has 2 symmetric candidate(s) (from all 8 symmetries)
UNSAT
[info][goal=256] range=43..=86 symmetry=0 vars=427722 clauses=4183232
[info][goal=552] trying goal symmetry=1
[info][goal=552] range=42..=84 symmetry=1 vars=417778 clauses=4085955
[info][goal=513] build single CNF with h=[47..=94] (start_discs=4, goal_discs=51)
[info][goal=513] this goal has 2 symmetric candidate(s) (from all 8 symmetries)
UNSAT
[info][goal=513] range=47..=94 symmetry=0 vars=467498 clauses=4572340
[info][goal=137] trying goal symmetry=1
[info][goal=137] range=43..=86 symmetry=1 vars=427722 clauses=4183232
[info][goal=129] build single CNF with h=[43..=86] (start_discs=4, goal_discs=47)
[info][goal=129] this goal has 2 symmetric candidate(s) (from all 8 symmetries)
UNKNOWN
[info][goal=129] range=43..=86 symmetry=0 vars=427722 clauses=4183232
[info][goal=256] trying goal symmetry=1
[info][goal=256] range=43..=86 symmetry=1 vars=427722 clauses=4183232
[info][goal=451] trying goal symmetry=1
[info][goal=451] range=41..=82 symmetry=1 vars=407834 clauses=3988678
[info][goal=457] build single CNF with h=[44..=88] (start_discs=4, goal_discs=48)
[info][goal=457] this goal has 2 symmetric candidate(s) (from all 8 symmetries)
UNSAT
[info][goal=457] range=44..=88 symmetry=0 vars=437666 clauses=4280509
[info][goal=138] build single CNF with h=[45..=90] (start_discs=4, goal_discs=49)
[info][goal=138] this goal has 2 symmetric candidate(s) (from all 8 symmetries)
UNSAT
[info][goal=138] range=45..=90 symmetry=0 vars=447610 clauses=4377786
[info][goal=129] trying goal symmetry=1
[info][goal=129] range=43..=86 symmetry=1 vars=427722 clauses=4183232
[info][goal=553] build single CNF with h=[42..=84] (start_discs=4, goal_discs=46)
[info][goal=553] this goal has 2 symmetric candidate(s) (from all 8 symmetries)
UNSAT
[info][goal=553] range=42..=84 symmetry=0 vars=417778 clauses=4085955
[info][goal=138] trying goal symmetry=1
[info][goal=138] range=45..=90 symmetry=1 vars=447610 clauses=4377786
[info][goal=257] build single CNF with h=[46..=92] (start_discs=4, goal_discs=50)
[info][goal=257] this goal has 2 symmetric candidate(s) (from all 8 symmetries)
UNSAT
[info][goal=257] range=46..=92 symmetry=0 vars=457554 clauses=4475063
[info][goal=457] trying goal symmetry=1
[info][goal=457] range=44..=88 symmetry=1 vars=437666 clauses=4280509
[info][goal=257] trying goal symmetry=1
[info][goal=257] range=46..=92 symmetry=1 vars=457554 clauses=4475063
[info][goal=266] build single CNF with h=[47..=94] (start_discs=4, goal_discs=51)
[info][goal=266] this goal has 2 symmetric candidate(s) (from all 8 symmetries)
UNSAT
[info][goal=266] range=47..=94 symmetry=0 vars=467498 clauses=4572340
[info][goal=553] trying goal symmetry=1
[info][goal=553] range=42..=84 symmetry=1 vars=417778 clauses=4085955
[info][goal=258] build single CNF with h=[46..=92] (start_discs=4, goal_discs=50)
[info][goal=258] this goal has 2 symmetric candidate(s) (from all 8 symmetries)
UNSAT
[info][goal=258] range=46..=92 symmetry=0 vars=457554 clauses=4475063
[info][goal=139] build single CNF with h=[45..=90] (start_discs=4, goal_discs=49)
[info][goal=139] this goal has 2 symmetric candidate(s) (from all 8 symmetries)
UNSAT
[info][goal=317] build single CNF with h=[46..=92] (start_discs=4, goal_discs=50)
[info][goal=317] this goal has 2 symmetric candidate(s) (from all 8 symmetries)
UNSAT
[info][goal=139] range=45..=90 symmetry=0 vars=447610 clauses=4377786
[info][goal=317] range=46..=92 symmetry=0 vars=457554 clauses=4475063
[info][goal=465] trying goal symmetry=1
[info][goal=465] range=43..=86 symmetry=1 vars=427722 clauses=4183232
[info][goal=261] build single CNF with h=[45..=90] (start_discs=4, goal_discs=49)
[info][goal=261] this goal has 2 symmetric candidate(s) (from all 8 symmetries)
UNKNOWN
[info][goal=261] range=45..=90 symmetry=0 vars=447610 clauses=4377786
[info][goal=458] build single CNF with h=[45..=90] (start_discs=4, goal_discs=49)
[info][goal=458] this goal has 2 symmetric candidate(s) (from all 8 symmetries)
UNSAT
[info][goal=458] range=45..=90 symmetry=0 vars=447610 clauses=4377786
[info][goal=266] trying goal symmetry=1
[info][goal=266] range=47..=94 symmetry=1 vars=467498 clauses=4572340
[info][goal=34] trying goal symmetry=1
[info][goal=34] range=46..=92 symmetry=1 vars=457554 clauses=4475063
[info][goal=554] build single CNF with h=[44..=88] (start_discs=4, goal_discs=48)
[info][goal=554] this goal has 2 symmetric candidate(s) (from all 8 symmetries)
UNSAT
[info][goal=554] range=44..=88 symmetry=0 vars=437666 clauses=4280509
[info][goal=261] trying goal symmetry=1
[info][goal=261] range=45..=90 symmetry=1 vars=447610 clauses=4377786
[info][goal=243] build single CNF with h=[41..=82] (start_discs=4, goal_discs=45)
[info][goal=243] this goal has 2 symmetric candidate(s) (from all 8 symmetries)
UNSAT
[info][goal=243] range=41..=82 symmetry=0 vars=407834 clauses=3988678
[info][goal=258] trying goal symmetry=1
[info][goal=258] range=46..=92 symmetry=1 vars=457554 clauses=4475063
[info][goal=267] build single CNF with h=[43..=86] (start_discs=4, goal_discs=47)
[info][goal=267] this goal has 2 symmetric candidate(s) (from all 8 symmetries)
UNSAT
[info][goal=267] range=43..=86 symmetry=0 vars=427722 clauses=4183232
[info][goal=259] build single CNF with h=[40..=80] (start_discs=4, goal_discs=44)
[info][goal=259] this goal has 2 symmetric candidate(s) (from all 8 symmetries)
UNKNOWN
[info][goal=259] range=40..=80 symmetry=0 vars=397890 clauses=3891401
[info][goal=539] build single CNF with h=[43..=86] (start_discs=4, goal_discs=47)
[info][goal=539] this goal has 2 symmetric candidate(s) (from all 8 symmetries)
UNKNOWN
[info][goal=539] range=43..=86 symmetry=0 vars=427722 clauses=4183232
[info][goal=139] trying goal symmetry=1
[info][goal=139] range=45..=90 symmetry=1 vars=447610 clauses=4377786
[info][goal=539] trying goal symmetry=1
[info][goal=539] range=43..=86 symmetry=1 vars=427722 clauses=4183232
[info][goal=513] trying goal symmetry=1
[info][goal=513] range=47..=94 symmetry=1 vars=467498 clauses=4572340
[info][goal=517] build single CNF with h=[44..=88] (start_discs=4, goal_discs=48)
[info][goal=517] this goal has 2 symmetric candidate(s) (from all 8 symmetries)
UNKNOWN
[info][goal=517] range=44..=88 symmetry=0 vars=437666 clauses=4280509
[info][goal=554] trying goal symmetry=1
[info][goal=554] range=44..=88 symmetry=1 vars=437666 clauses=4280509
[info][goal=243] trying goal symmetry=1
[info][goal=243] range=41..=82 symmetry=1 vars=407834 clauses=3988678
[info][goal=540] build single CNF with h=[45..=90] (start_discs=4, goal_discs=49)
[info][goal=540] this goal has 2 symmetric candidate(s) (from all 8 symmetries)
UNSAT
[info][goal=540] range=45..=90 symmetry=0 vars=447610 clauses=4377786
[info][goal=262] build single CNF with h=[46..=92] (start_discs=4, goal_discs=50)
[info][goal=262] this goal has 2 symmetric candidate(s) (from all 8 symmetries)
UNSAT
[info][goal=262] range=46..=92 symmetry=0 vars=457554 clauses=4475063
[info][goal=523] build single CNF with h=[45..=90] (start_discs=4, goal_discs=49)
[info][goal=523] this goal has 2 symmetric candidate(s) (from all 8 symmetries)
UNSAT
[info][goal=523] range=45..=90 symmetry=0 vars=447610 clauses=4377786
[info][goal=259] trying goal symmetry=1
[info][goal=259] range=40..=80 symmetry=1 vars=397890 clauses=3891401
[info][goal=267] trying goal symmetry=1
[info][goal=267] range=43..=86 symmetry=1 vars=427722 clauses=4183232
[info][goal=555] build single CNF with h=[41..=82] (start_discs=4, goal_discs=45)
[info][goal=555] this goal has 2 symmetric candidate(s) (from all 8 symmetries)
UNSAT
[info][goal=555] range=41..=82 symmetry=0 vars=407834 clauses=3988678
[info][goal=540] trying goal symmetry=1
[info][goal=540] range=45..=90 symmetry=1 vars=447610 clauses=4377786
[info][goal=244] build single CNF with h=[45..=90] (start_discs=4, goal_discs=49)
[info][goal=244] this goal has 2 symmetric candidate(s) (from all 8 symmetries)
UNSAT
[info][goal=244] range=45..=90 symmetry=0 vars=447610 clauses=4377786
[info][goal=517] trying goal symmetry=1
[info][goal=517] range=44..=88 symmetry=1 vars=437666 clauses=4280509
[info][goal=541] build single CNF with h=[47..=94] (start_discs=4, goal_discs=51)
[info][goal=541] this goal has 2 symmetric candidate(s) (from all 8 symmetries)
UNSAT
[info][goal=541] range=47..=94 symmetry=0 vars=467498 clauses=4572340
[info][goal=523] trying goal symmetry=1
[info][goal=523] range=45..=90 symmetry=1 vars=447610 clauses=4377786
[info][goal=268] build single CNF with h=[44..=88] (start_discs=4, goal_discs=48)
[info][goal=268] this goal has 2 symmetric candidate(s) (from all 8 symmetries)
UNSAT
[info][goal=268] range=44..=88 symmetry=0 vars=437666 clauses=4280509
[info][goal=555] trying goal symmetry=1
[info][goal=555] range=41..=82 symmetry=1 vars=407834 clauses=3988678
[info][goal=260] build single CNF with h=[41..=82] (start_discs=4, goal_discs=45)
[info][goal=260] this goal has 2 symmetric candidate(s) (from all 8 symmetries)
UNSAT
[info][goal=260] range=41..=82 symmetry=0 vars=407834 clauses=3988678
[info][goal=140] build single CNF with h=[43..=86] (start_discs=4, goal_discs=47)
[info][goal=140] this goal has 2 symmetric candidate(s) (from all 8 symmetries)
UNSAT
[info][goal=140] range=43..=86 symmetry=0 vars=427722 clauses=4183232
[info][goal=518] build single CNF with h=[42..=84] (start_discs=4, goal_discs=46)
[info][goal=518] this goal has 2 symmetric candidate(s) (from all 8 symmetries)
UNSAT
[info][goal=518] range=42..=84 symmetry=0 vars=417778 clauses=4085955
[info][goal=316] trying goal symmetry=1
[info][goal=316] range=45..=90 symmetry=1 vars=447610 clauses=4377786
[info][goal=244] trying goal symmetry=1
[info][goal=244] range=45..=90 symmetry=1 vars=447610 clauses=4377786
[info][goal=268] trying goal symmetry=1
[info][goal=268] range=44..=88 symmetry=1 vars=437666 clauses=4280509
[info][goal=556] build single CNF with h=[45..=90] (start_discs=4, goal_discs=49)
[info][goal=556] this goal has 2 symmetric candidate(s) (from all 8 symmetries)
UNSAT
[info][goal=556] range=45..=90 symmetry=0 vars=447610 clauses=4377786
[info][goal=541] trying goal symmetry=1
[info][goal=541] range=47..=94 symmetry=1 vars=467498 clauses=4572340
[info][goal=524] build single CNF with h=[42..=84] (start_discs=4, goal_discs=46)
[info][goal=524] this goal has 2 symmetric candidate(s) (from all 8 symmetries)
UNSAT
[info][goal=524] range=42..=84 symmetry=0 vars=417778 clauses=4085955
[info][goal=269] build single CNF with h=[48..=96] (start_discs=4, goal_discs=52)
[info][goal=269] this goal has 2 symmetric candidate(s) (from all 8 symmetries)
UNSAT
[info][goal=269] range=48..=96 symmetry=0 vars=477442 clauses=4669617
[info][goal=140] trying goal symmetry=1
[info][goal=140] range=43..=86 symmetry=1 vars=427722 clauses=4183232
[info][goal=260] trying goal symmetry=1
[info][goal=260] range=41..=82 symmetry=1 vars=407834 clauses=3988678
[info][goal=542] build single CNF with h=[52..=104] (start_discs=4, goal_discs=56)
[info][goal=542] this goal has 2 symmetric candidate(s) (from all 8 symmetries)
UNSAT
[info][goal=542] range=52..=104 symmetry=0 vars=517218 clauses=5058725
[info][goal=269] trying goal symmetry=1
[info][goal=269] range=48..=96 symmetry=1 vars=477442 clauses=4669617
[info][goal=519] build single CNF with h=[46..=92] (start_discs=4, goal_discs=50)
[info][goal=519] this goal has 2 symmetric candidate(s) (from all 8 symmetries)
[518] SAT (H=42)
[518] Record: F5F4G3G6F3F2C3C5E1F1C6H3G2B2E6D7F6C4C8G7H6F7E2H7C2B4A5B6F8B7B5A4A2D2G4E3A7C7B8A1H2G5
[info][goal=519] range=46..=92 symmetry=0 vars=457554 clauses=4475063
[info][goal=245] build single CNF with h=[43..=86] (start_discs=4, goal_discs=47)
[info][goal=245] this goal has 2 symmetric candidate(s) (from all 8 symmetries)
UNSAT
[info][goal=245] range=43..=86 symmetry=0 vars=427722 clauses=4183232
[info][goal=141] build single CNF with h=[41..=82] (start_discs=4, goal_discs=45)
[info][goal=141] this goal has 2 symmetric candidate(s) (from all 8 symmetries)
UNSAT
[info][goal=141] range=41..=82 symmetry=0 vars=407834 clauses=3988678
[info][goal=524] trying goal symmetry=1
[info][goal=524] range=42..=84 symmetry=1 vars=417778 clauses=4085955
[info][goal=270] build single CNF with h=[50..=100] (start_discs=4, goal_discs=54)
[info][goal=270] this goal has 2 symmetric candidate(s) (from all 8 symmetries)
UNSAT
[info][goal=270] range=50..=100 symmetry=0 vars=497330 clauses=4864171
[info][goal=542] trying goal symmetry=1
[info][goal=542] range=52..=104 symmetry=1 vars=517218 clauses=5058725
[info][goal=141] trying goal symmetry=1
[info][goal=141] range=41..=82 symmetry=1 vars=407834 clauses=3988678
[info][goal=317] trying goal symmetry=1
[info][goal=317] range=46..=92 symmetry=1 vars=457554 clauses=4475063
[info][goal=466] build single CNF with h=[49..=98] (start_discs=4, goal_discs=53)
[info][goal=466] this goal has 2 symmetric candidate(s) (from all 8 symmetries)
UNKNOWN
[info][goal=466] range=49..=98 symmetry=0 vars=487386 clauses=4766894
[info][goal=262] trying goal symmetry=1
[info][goal=262] range=46..=92 symmetry=1 vars=457554 clauses=4475063
[info][goal=458] trying goal symmetry=1
[info][goal=458] range=45..=90 symmetry=1 vars=447610 clauses=4377786
[info][goal=270] trying goal symmetry=1
[info][goal=270] range=50..=100 symmetry=1 vars=497330 clauses=4864171
[info][goal=525] build single CNF with h=[47..=94] (start_discs=4, goal_discs=51)
[info][goal=525] this goal has 2 symmetric candidate(s) (from all 8 symmetries)
UNSAT
[info][goal=525] range=47..=94 symmetry=0 vars=467498 clauses=4572340
[info][goal=35] build single CNF with h=[36..=72] (start_discs=4, goal_discs=40)
[info][goal=35] this goal has 2 symmetric candidate(s) (from all 8 symmetries)
UNKNOWN
[info][goal=35] range=36..=72 symmetry=0 vars=358114 clauses=3502293
[info][goal=275] build single CNF with h=[46..=92] (start_discs=4, goal_discs=50)
[info][goal=275] this goal has 2 symmetric candidate(s) (from all 8 symmetries)
UNSAT
[info][goal=275] range=46..=92 symmetry=0 vars=457554 clauses=4475063
[info][goal=479] build single CNF with h=[47..=94] (start_discs=4, goal_discs=51)
[info][goal=479] this goal has 2 symmetric candidate(s) (from all 8 symmetries)
UNSAT
[info][goal=479] range=47..=94 symmetry=0 vars=467498 clauses=4572340
[info][goal=519] trying goal symmetry=1
[info][goal=519] range=46..=92 symmetry=1 vars=457554 clauses=4475063
[info][goal=271] build single CNF with h=[47..=94] (start_discs=4, goal_discs=51)
[info][goal=271] this goal has 2 symmetric candidate(s) (from all 8 symmetries)
UNSAT
[info][goal=271] range=47..=94 symmetry=0 vars=467498 clauses=4572340
[info][goal=275] trying goal symmetry=1
[info][goal=275] range=46..=92 symmetry=1 vars=457554 clauses=4475063
[info][goal=488] build single CNF with h=[42..=84] (start_discs=4, goal_discs=46)
[info][goal=488] this goal has 2 symmetric candidate(s) (from all 8 symmetries)
UNKNOWN
[info][goal=488] range=42..=84 symmetry=0 vars=417778 clauses=4085955
[info][goal=543] build single CNF with h=[47..=94] (start_discs=4, goal_discs=51)
[info][goal=543] this goal has 2 symmetric candidate(s) (from all 8 symmetries)
UNSAT
[info][goal=543] range=47..=94 symmetry=0 vars=467498 clauses=4572340
[info][goal=271] trying goal symmetry=1
[info][goal=271] range=47..=94 symmetry=1 vars=467498 clauses=4572340
[info][goal=520] build single CNF with h=[47..=94] (start_discs=4, goal_discs=51)
[info][goal=520] this goal has 2 symmetric candidate(s) (from all 8 symmetries)
UNSAT
[info][goal=520] range=47..=94 symmetry=0 vars=467498 clauses=4572340
[info][goal=263] build single CNF with h=[37..=74] (start_discs=4, goal_discs=41)
[info][goal=263] this goal has 2 symmetric candidate(s) (from all 8 symmetries)
UNSAT
[info][goal=263] range=37..=74 symmetry=0 vars=368058 clauses=3599570
[info][goal=543] trying goal symmetry=1
[info][goal=543] range=47..=94 symmetry=1 vars=467498 clauses=4572340
[info][goal=35] trying goal symmetry=1
[info][goal=35] range=36..=72 symmetry=1 vars=358114 clauses=3502293
[info][goal=263] trying goal symmetry=1
[info][goal=263] range=37..=74 symmetry=1 vars=368058 clauses=3599570
[info][goal=276] build single CNF with h=[41..=82] (start_discs=4, goal_discs=45)
[info][goal=276] this goal has 2 symmetric candidate(s) (from all 8 symmetries)
UNSAT
[info][goal=276] range=41..=82 symmetry=0 vars=407834 clauses=3988678
[info][goal=264] build single CNF with h=[46..=92] (start_discs=4, goal_discs=50)
[info][goal=264] this goal has 2 symmetric candidate(s) (from all 8 symmetries)
UNSAT
[info][goal=264] range=46..=92 symmetry=0 vars=457554 clauses=4475063
[info][goal=488] trying goal symmetry=1
[info][goal=488] range=42..=84 symmetry=1 vars=417778 clauses=4085955
[info][goal=520] trying goal symmetry=1
[info][goal=520] range=47..=94 symmetry=1 vars=467498 clauses=4572340
[info][goal=272] build single CNF with h=[47..=94] (start_discs=4, goal_discs=51)
[info][goal=272] this goal has 2 symmetric candidate(s) (from all 8 symmetries)
UNSAT
[info][goal=272] range=47..=94 symmetry=0 vars=467498 clauses=4572340
[info][goal=544] build single CNF with h=[43..=86] (start_discs=4, goal_discs=47)
[info][goal=544] this goal has 2 symmetric candidate(s) (from all 8 symmetries)
UNSAT
[info][goal=544] range=43..=86 symmetry=0 vars=427722 clauses=4183232
[info][goal=489] build single CNF with h=[41..=82] (start_discs=4, goal_discs=45)
[info][goal=489] this goal has 2 symmetric candidate(s) (from all 8 symmetries)
UNSAT
[info][goal=489] range=41..=82 symmetry=0 vars=407834 clauses=3988678
[info][goal=545] build single CNF with h=[41..=82] (start_discs=4, goal_discs=45)
[info][goal=545] this goal has 2 symmetric candidate(s) (from all 8 symmetries)
UNKNOWN
[info][goal=545] range=41..=82 symmetry=0 vars=407834 clauses=3988678
[info][goal=276] trying goal symmetry=1
[info][goal=276] range=41..=82 symmetry=1 vars=407834 clauses=3988678
[info][goal=489] trying goal symmetry=1
[info][goal=489] range=41..=82 symmetry=1 vars=407834 clauses=3988678
[info][goal=265] build single CNF with h=[42..=84] (start_discs=4, goal_discs=46)
[info][goal=265] this goal has 2 symmetric candidate(s) (from all 8 symmetries)
UNSAT
[info][goal=265] range=42..=84 symmetry=0 vars=417778 clauses=4085955
[info][goal=556] trying goal symmetry=1
[info][goal=556] range=45..=90 symmetry=1 vars=447610 clauses=4377786
UNSAT
[info][goal=490] build single CNF with h=[47..=94] (start_discs=4, goal_discs=51)
[info][goal=490] this goal has 2 symmetric candidate(s) (from all 8 symmetries)
[info][goal=490] range=47..=94 symmetry=0 vars=467498 clauses=4572340
[info][goal=545] trying goal symmetry=1
[info][goal=545] range=41..=82 symmetry=1 vars=407834 clauses=3988678
[info][goal=521] build single CNF with h=[48..=96] (start_discs=4, goal_discs=52)
[info][goal=521] this goal has 2 symmetric candidate(s) (from all 8 symmetries)
UNSAT
[info][goal=521] range=48..=96 symmetry=0 vars=477442 clauses=4669617
[info][goal=525] trying goal symmetry=1
[info][goal=525] range=47..=94 symmetry=1 vars=467498 clauses=4572340
[info][goal=277] build single CNF with h=[50..=100] (start_discs=4, goal_discs=54)
[info][goal=277] this goal has 2 symmetric candidate(s) (from all 8 symmetries)
UNSAT
[info][goal=277] range=50..=100 symmetry=0 vars=497330 clauses=4864171
[info][goal=521] trying goal symmetry=1
[info][goal=521] range=48..=96 symmetry=1 vars=477442 clauses=4669617
[info][goal=490] trying goal symmetry=1
[info][goal=490] range=47..=94 symmetry=1 vars=467498 clauses=4572340
[info][goal=546] build single CNF with h=[46..=92] (start_discs=4, goal_discs=50)
[info][goal=546] this goal has 2 symmetric candidate(s) (from all 8 symmetries)
UNSAT
[info][goal=546] range=46..=92 symmetry=0 vars=457554 clauses=4475063
[info][goal=245] trying goal symmetry=1
[info][goal=245] range=43..=86 symmetry=1 vars=427722 clauses=4183232
[info][goal=522] build single CNF with h=[44..=88] (start_discs=4, goal_discs=48)
[info][goal=522] this goal has 2 symmetric candidate(s) (from all 8 symmetries)
UNSAT
[info][goal=522] range=44..=88 symmetry=0 vars=437666 clauses=4280509
[info][goal=557] build single CNF with h=[41..=82] (start_discs=4, goal_discs=45)
[info][goal=557] this goal has 2 symmetric candidate(s) (from all 8 symmetries)
[556] SAT (H=45)
[556] Record: D3E3F2C6F6C4F5D2C1G6H6H7H8F7C2F3E8B1F4G5D6E6E7G3H4F8A1G2G1H2D8E1H3C5B4H1F1A4C7G4A3B5B3A2A6
[info][goal=557] range=41..=82 symmetry=0 vars=407834 clauses=3988678
[info][goal=318] build single CNF with h=[48..=96] (start_discs=4, goal_discs=52)
[info][goal=318] this goal has 2 symmetric candidate(s) (from all 8 symmetries)
[317] SAT (H=46)
[317] Record: C4C5D6E3D3C7F3E2B5A6B4A4C3F2F4B2F5F6E1D1G5C6D7E8A1E7B8B7G1H4F8G8A7B3A3A2G2G6H5H2H7H6H3H8F1H1
[info][goal=318] range=48..=96 symmetry=0 vars=477442 clauses=4669617
[info][goal=466] trying goal symmetry=1
[info][goal=466] range=49..=98 symmetry=1 vars=487386 clauses=4766894
[info][goal=546] trying goal symmetry=1
[info][goal=546] range=46..=92 symmetry=1 vars=457554 clauses=4475063
[info][goal=459] build single CNF with h=[44..=88] (start_discs=4, goal_discs=48)
[info][goal=459] this goal has 2 symmetric candidate(s) (from all 8 symmetries)
UNKNOWN
[info][goal=459] range=44..=88 symmetry=0 vars=437666 clauses=4280509
[info][goal=491] build single CNF with h=[42..=84] (start_discs=4, goal_discs=46)
[info][goal=491] this goal has 2 symmetric candidate(s) (from all 8 symmetries)
UNSAT
[info][goal=491] range=42..=84 symmetry=0 vars=417778 clauses=4085955
[info][goal=318] trying goal symmetry=1
[info][goal=318] range=48..=96 symmetry=1 vars=477442 clauses=4669617
[info][goal=557] trying goal symmetry=1
[info][goal=557] range=41..=82 symmetry=1 vars=407834 clauses=3988678
[info][goal=522] trying goal symmetry=1
[info][goal=522] range=44..=88 symmetry=1 vars=437666 clauses=4280509
[info][goal=479] trying goal symmetry=1
[info][goal=479] range=47..=94 symmetry=1 vars=467498 clauses=4572340
[info][goal=459] trying goal symmetry=1
[info][goal=459] range=44..=88 symmetry=1 vars=437666 clauses=4280509
[info][goal=264] trying goal symmetry=1
[info][goal=264] range=46..=92 symmetry=1 vars=457554 clauses=4475063
[info][goal=279] build single CNF with h=[43..=86] (start_discs=4, goal_discs=47)
[info][goal=279] this goal has 2 symmetric candidate(s) (from all 8 symmetries)
UNSAT
[info][goal=279] range=43..=86 symmetry=0 vars=427722 clauses=4183232
[info][goal=491] trying goal symmetry=1
[info][goal=491] range=42..=84 symmetry=1 vars=417778 clauses=4085955
[info][goal=526] build single CNF with h=[39..=78] (start_discs=4, goal_discs=43)
[info][goal=526] this goal has 2 symmetric candidate(s) (from all 8 symmetries)
UNSAT
[info][goal=526] range=39..=78 symmetry=0 vars=387946 clauses=3794124
[info][goal=547] build single CNF with h=[42..=84] (start_discs=4, goal_discs=46)
[info][goal=547] this goal has 2 symmetric candidate(s) (from all 8 symmetries)
UNSAT
[info][goal=547] range=42..=84 symmetry=0 vars=417778 clauses=4085955
[info][goal=273] build single CNF with h=[45..=90] (start_discs=4, goal_discs=49)
[info][goal=273] this goal has 2 symmetric candidate(s) (from all 8 symmetries)
UNSAT
[info][goal=273] range=45..=90 symmetry=0 vars=447610 clauses=4377786
[info][goal=558] build single CNF with h=[42..=84] (start_discs=4, goal_discs=46)
[info][goal=558] this goal has 2 symmetric candidate(s) (from all 8 symmetries)
UNSAT
[info][goal=558] range=42..=84 symmetry=0 vars=417778 clauses=4085955
[info][goal=460] build single CNF with h=[43..=86] (start_discs=4, goal_discs=47)
[info][goal=460] this goal has 2 symmetric candidate(s) (from all 8 symmetries)
UNSAT
[info][goal=460] range=43..=86 symmetry=0 vars=427722 clauses=4183232
[info][goal=526] trying goal symmetry=1
[info][goal=526] range=39..=78 symmetry=1 vars=387946 clauses=3794124
[info][goal=279] trying goal symmetry=1
[info][goal=279] range=43..=86 symmetry=1 vars=427722 clauses=4183232
[info][goal=492] build single CNF with h=[50..=100] (start_discs=4, goal_discs=54)
[info][goal=492] this goal has 2 symmetric candidate(s) (from all 8 symmetries)
UNSAT
[info][goal=492] range=50..=100 symmetry=0 vars=497330 clauses=4864171
[info][goal=558] trying goal symmetry=1
[info][goal=558] range=42..=84 symmetry=1 vars=417778 clauses=4085955
[info][goal=527] build single CNF with h=[45..=90] (start_discs=4, goal_discs=49)
[info][goal=527] this goal has 2 symmetric candidate(s) (from all 8 symmetries)
UNSAT
[info][goal=527] range=45..=90 symmetry=0 vars=447610 clauses=4377786
[info][goal=547] trying goal symmetry=1
[info][goal=547] range=42..=84 symmetry=1 vars=417778 clauses=4085955
[info][goal=280] build single CNF with h=[47..=94] (start_discs=4, goal_discs=51)
[info][goal=280] this goal has 2 symmetric candidate(s) (from all 8 symmetries)
UNSAT
[info][goal=280] range=47..=94 symmetry=0 vars=467498 clauses=4572340
[info][goal=280] trying goal symmetry=1
[info][goal=280] range=47..=94 symmetry=1 vars=467498 clauses=4572340
[info][goal=272] trying goal symmetry=1
[info][goal=272] range=47..=94 symmetry=1 vars=467498 clauses=4572340
[info][goal=548] build single CNF with h=[46..=92] (start_discs=4, goal_discs=50)
[info][goal=548] this goal has 2 symmetric candidate(s) (from all 8 symmetries)
UNSAT
[info][goal=480] build single CNF with h=[45..=90] (start_discs=4, goal_discs=49)
[info][goal=480] this goal has 2 symmetric candidate(s) (from all 8 symmetries)
[479] SAT (H=47)
[479] Record: E6F6D3E3F4G3G6C4C3F7B5H6G8B3F5D6D7E8F8D8E2C2C7B7D2B4H2C5A5A3B1G4B8C6A7A6A4A2G5F1H7H3A1H1H4F3G2
[info][goal=548] range=46..=92 symmetry=0 vars=457554 clauses=4475063
[info][goal=480] range=45..=90 symmetry=0 vars=447610 clauses=4377786
[info][goal=527] trying goal symmetry=1
[info][goal=527] range=45..=90 symmetry=1 vars=447610 clauses=4377786
[info][goal=544] trying goal symmetry=1
[info][goal=544] range=43..=86 symmetry=1 vars=427722 clauses=4183232
[info][goal=559] build single CNF with h=[49..=98] (start_discs=4, goal_discs=53)
[info][goal=559] this goal has 2 symmetric candidate(s) (from all 8 symmetries)
UNSAT
[info][goal=559] range=49..=98 symmetry=0 vars=487386 clauses=4766894
[info][goal=480] trying goal symmetry=1
[info][goal=480] range=45..=90 symmetry=1 vars=447610 clauses=4377786
[info][goal=265] trying goal symmetry=1
[info][goal=265] range=42..=84 symmetry=1 vars=417778 clauses=4085955
[info][goal=528] build single CNF with h=[44..=88] (start_discs=4, goal_discs=48)
[info][goal=528] this goal has 2 symmetric candidate(s) (from all 8 symmetries)
UNSAT
[info][goal=528] range=44..=88 symmetry=0 vars=437666 clauses=4280509
[info][goal=548] trying goal symmetry=1
[info][goal=548] range=46..=92 symmetry=1 vars=457554 clauses=4475063
[info][goal=549] build single CNF with h=[49..=98] (start_discs=4, goal_discs=53)
[info][goal=549] this goal has 2 symmetric candidate(s) (from all 8 symmetries)
UNSAT
[info][goal=549] range=49..=98 symmetry=0 vars=487386 clauses=4766894
[info][goal=281] build single CNF with h=[48..=96] (start_discs=4, goal_discs=52)
[info][goal=281] this goal has 2 symmetric candidate(s) (from all 8 symmetries)
UNSAT
[info][goal=481] build single CNF with h=[44..=88] (start_discs=4, goal_discs=48)
[info][goal=481] this goal has 2 symmetric candidate(s) (from all 8 symmetries)
UNSAT
[info][goal=281] range=48..=96 symmetry=0 vars=477442 clauses=4669617
[info][goal=481] range=44..=88 symmetry=0 vars=437666 clauses=4280509
[info][goal=277] trying goal symmetry=1
[info][goal=277] range=50..=100 symmetry=1 vars=497330 clauses=4864171
[info][goal=528] trying goal symmetry=1
[info][goal=528] range=44..=88 symmetry=1 vars=437666 clauses=4280509
[info][goal=529] build single CNF with h=[42..=84] (start_discs=4, goal_discs=46)
[info][goal=529] this goal has 2 symmetric candidate(s) (from all 8 symmetries)
UNSAT
[info][goal=529] range=42..=84 symmetry=0 vars=417778 clauses=4085955
[info][goal=563] build single CNF with h=[46..=92] (start_discs=4, goal_discs=50)
[info][goal=563] this goal has 2 symmetric candidate(s) (from all 8 symmetries)
[544] SAT (H=43)
[544] Record: D3E3F6C2F4E6F7C6D2C4B3E7B7A2C5E2D1B6B4G3A6A7E1F2B2G5H4G2G1C3F3A3G7H7F5H1E8H3G4F1G8D7H8
[info][goal=563] range=46..=92 symmetry=0 vars=457554 clauses=4475063
[info][goal=483] build single CNF with h=[48..=96] (start_discs=4, goal_discs=52)
[info][goal=483] this goal has 2 symmetric candidate(s) (from all 8 symmetries)
[265] SAT (H=42)
[265] Record: D3E3F2C2C3B2B3C6D1B4D6E6F6F4F7G7H7H8B6A6B7E7G6H6E8D2H5F8G3G1E2G4A1H2A5H4G5C8C7B5A3A2
[info][goal=483] range=48..=96 symmetry=0 vars=477442 clauses=4669617
[info][goal=281] trying goal symmetry=1
[info][goal=281] range=48..=96 symmetry=1 vars=477442 clauses=4669617
[info][goal=246] build single CNF with h=[45..=90] (start_discs=4, goal_discs=49)
[info][goal=246] this goal has 2 symmetric candidate(s) (from all 8 symmetries)
UNKNOWN
[info][goal=246] range=45..=90 symmetry=0 vars=447610 clauses=4377786
[info][goal=549] trying goal symmetry=1
[info][goal=549] range=49..=98 symmetry=1 vars=487386 clauses=4766894
[info][goal=470] build single CNF with h=[51..=102] (start_discs=4, goal_discs=55)
[info][goal=470] this goal has 2 symmetric candidate(s) (from all 8 symmetries)
UNSAT
[info][goal=470] range=51..=102 symmetry=0 vars=507274 clauses=4961448
[info][goal=470] trying goal symmetry=1
[info][goal=470] range=51..=102 symmetry=1 vars=507274 clauses=4961448
[info][goal=493] build single CNF with h=[45..=90] (start_discs=4, goal_discs=49)
[info][goal=493] this goal has 2 symmetric candidate(s) (from all 8 symmetries)
[492] SAT (H=50)
[492] Record: F5D6C7F3E3G5D3C6F6E2F1D2H5G7C2C1E7C8F4G3E6B2G2H6A2A3H2F2B6A5H7B7A8A7D1G6A6E8D8F7C3H1G8B3G1B5B4B8A1H3
[info][goal=493] range=45..=90 symmetry=0 vars=447610 clauses=4377786
[info][goal=467] build single CNF with h=[41..=82] (start_discs=4, goal_discs=45)
[info][goal=467] this goal has 2 symmetric candidate(s) (from all 8 symmetries)
UNKNOWN
[info][goal=467] range=41..=82 symmetry=0 vars=407834 clauses=3988678
[info][goal=471] build single CNF with h=[54..=108] (start_discs=4, goal_discs=58)
[info][goal=471] this goal has 2 symmetric candidate(s) (from all 8 symmetries)
UNSAT
[info][goal=471] range=54..=108 symmetry=0 vars=537106 clauses=5253279
[info][goal=282] build single CNF with h=[47..=94] (start_discs=4, goal_discs=51)
[info][goal=282] this goal has 2 symmetric candidate(s) (from all 8 symmetries)
UNSAT
[info][goal=282] range=47..=94 symmetry=0 vars=467498 clauses=4572340
[info][goal=283] build single CNF with h=[40..=80] (start_discs=4, goal_discs=44)
[info][goal=283] this goal has 2 symmetric candidate(s) (from all 8 symmetries)
UNSAT
[info][goal=283] range=40..=80 symmetry=0 vars=397890 clauses=3891401
[info][goal=483] trying goal symmetry=1
[info][goal=483] range=48..=96 symmetry=1 vars=477442 clauses=4669617
[info][goal=283] trying goal symmetry=1
[info][goal=283] range=40..=80 symmetry=1 vars=397890 clauses=3891401
[info][goal=471] trying goal symmetry=1
[info][goal=471] range=54..=108 symmetry=1 vars=537106 clauses=5253279
[info][goal=273] trying goal symmetry=1
[info][goal=273] range=45..=90 symmetry=1 vars=447610 clauses=4377786
[info][goal=529] trying goal symmetry=1
[info][goal=529] range=42..=84 symmetry=1 vars=417778 clauses=4085955
[info][goal=460] trying goal symmetry=1
[info][goal=460] range=43..=86 symmetry=1 vars=427722 clauses=4183232
[info][goal=282] trying goal symmetry=1
[info][goal=282] range=47..=94 symmetry=1 vars=467498 clauses=4572340
[info][goal=565] build single CNF with h=[46..=92] (start_discs=4, goal_discs=50)
[info][goal=565] this goal has 2 symmetric candidate(s) (from all 8 symmetries)
UNSAT
[info][goal=565] range=46..=92 symmetry=0 vars=457554 clauses=4475063
[info][goal=472] build single CNF with h=[48..=96] (start_discs=4, goal_discs=52)
[info][goal=472] this goal has 2 symmetric candidate(s) (from all 8 symmetries)
UNSAT
[info][goal=472] range=48..=96 symmetry=0 vars=477442 clauses=4669617
[info][goal=484] build single CNF with h=[44..=88] (start_discs=4, goal_discs=48)
[info][goal=484] this goal has 2 symmetric candidate(s) (from all 8 symmetries)
UNSAT
[info][goal=484] range=44..=88 symmetry=0 vars=437666 clauses=4280509
[info][goal=278] build single CNF with h=[43..=86] (start_discs=4, goal_discs=47)
[info][goal=278] this goal has 2 symmetric candidate(s) (from all 8 symmetries)
UNSAT
[info][goal=278] range=43..=86 symmetry=0 vars=427722 clauses=4183232
[info][goal=474] build single CNF with h=[46..=92] (start_discs=4, goal_discs=50)
[info][goal=474] this goal has 2 symmetric candidate(s) (from all 8 symmetries)
UNKNOWN
[info][goal=474] range=46..=92 symmetry=0 vars=457554 clauses=4475063
[info][goal=559] trying goal symmetry=1
[info][goal=559] range=49..=98 symmetry=1 vars=487386 clauses=4766894
[info][goal=530] build single CNF with h=[48..=96] (start_discs=4, goal_discs=52)
[info][goal=530] this goal has 2 symmetric candidate(s) (from all 8 symmetries)
UNSAT
[info][goal=530] range=48..=96 symmetry=0 vars=477442 clauses=4669617
[info][goal=474] trying goal symmetry=1
[info][goal=474] range=46..=92 symmetry=1 vars=457554 clauses=4475063
[info][goal=278] trying goal symmetry=1
[info][goal=278] range=43..=86 symmetry=1 vars=427722 clauses=4183232
[info][goal=472] trying goal symmetry=1
[info][goal=472] range=48..=96 symmetry=1 vars=477442 clauses=4669617
[info][goal=481] trying goal symmetry=1
[info][goal=481] range=44..=88 symmetry=1 vars=437666 clauses=4280509
[info][goal=475] build single CNF with h=[44..=88] (start_discs=4, goal_discs=48)
[info][goal=475] this goal has 2 symmetric candidate(s) (from all 8 symmetries)
UNSAT
[info][goal=475] range=44..=88 symmetry=0 vars=437666 clauses=4280509
[info][goal=473] build single CNF with h=[49..=98] (start_discs=4, goal_discs=53)
[info][goal=473] this goal has 2 symmetric candidate(s) (from all 8 symmetries)
UNKNOWN
[info][goal=530] trying goal symmetry=1
[info][goal=473] range=49..=98 symmetry=0 vars=487386 clauses=4766894
[info][goal=530] range=48..=96 symmetry=1 vars=477442 clauses=4669617
[info][goal=564] build single CNF with h=[49..=98] (start_discs=4, goal_discs=53)
[info][goal=564] this goal has 2 symmetric candidate(s) (from all 8 symmetries)
UNSAT
[info][goal=564] range=49..=98 symmetry=0 vars=487386 clauses=4766894
[info][goal=563] trying goal symmetry=1
[info][goal=563] range=46..=92 symmetry=1 vars=457554 clauses=4475063
[info][goal=473] trying goal symmetry=1
[info][goal=473] range=49..=98 symmetry=1 vars=487386 clauses=4766894
[info][goal=246] trying goal symmetry=1
[info][goal=246] range=45..=90 symmetry=1 vars=447610 clauses=4377786
[info][goal=531] build single CNF with h=[48..=96] (start_discs=4, goal_discs=52)
[info][goal=531] this goal has 2 symmetric candidate(s) (from all 8 symmetries)
UNSAT
[info][goal=531] range=48..=96 symmetry=0 vars=477442 clauses=4669617
[info][goal=274] build single CNF with h=[48..=96] (start_discs=4, goal_discs=52)
[info][goal=274] this goal has 2 symmetric candidate(s) (from all 8 symmetries)
UNSAT
[info][goal=274] range=48..=96 symmetry=0 vars=477442 clauses=4669617
[info][goal=493] trying goal symmetry=1
[info][goal=493] range=45..=90 symmetry=1 vars=447610 clauses=4377786
[info][goal=561] build single CNF with h=[49..=98] (start_discs=4, goal_discs=53)
[info][goal=561] this goal has 2 symmetric candidate(s) (from all 8 symmetries)
UNSAT
[info][goal=561] range=49..=98 symmetry=0 vars=487386 clauses=4766894
[info][goal=467] trying goal symmetry=1
[info][goal=467] range=41..=82 symmetry=1 vars=407834 clauses=3988678
[info][goal=274] trying goal symmetry=1
[info][goal=274] range=48..=96 symmetry=1 vars=477442 clauses=4669617
[info][goal=560] build single CNF with h=[43..=86] (start_discs=4, goal_discs=47)
[info][goal=560] this goal has 2 symmetric candidate(s) (from all 8 symmetries)
UNKNOWN
[info][goal=560] range=43..=86 symmetry=0 vars=427722 clauses=4183232
[info][goal=566] build single CNF with h=[45..=90] (start_discs=4, goal_discs=49)
[info][goal=566] this goal has 2 symmetric candidate(s) (from all 8 symmetries)
UNSAT
[info][goal=566] range=45..=90 symmetry=0 vars=447610 clauses=4377786
[info][goal=468] build single CNF with h=[44..=88] (start_discs=4, goal_discs=48)
[info][goal=468] this goal has 2 symmetric candidate(s) (from all 8 symmetries)
UNKNOWN
[info][goal=468] range=44..=88 symmetry=0 vars=437666 clauses=4280509
[info][goal=565] trying goal symmetry=1
[info][goal=565] range=46..=92 symmetry=1 vars=457554 clauses=4475063
[info][goal=560] trying goal symmetry=1
[info][goal=560] range=43..=86 symmetry=1 vars=427722 clauses=4183232
[info][goal=468] trying goal symmetry=1
[info][goal=468] range=44..=88 symmetry=1 vars=437666 clauses=4280509
[info][goal=567] build single CNF with h=[47..=94] (start_discs=4, goal_discs=51)
[info][goal=567] this goal has 2 symmetric candidate(s) (from all 8 symmetries)
UNSAT
[info][goal=567] range=47..=94 symmetry=0 vars=467498 clauses=4572340
[info][goal=484] trying goal symmetry=1
[info][goal=484] range=44..=88 symmetry=1 vars=437666 clauses=4280509
[info][goal=469] build single CNF with h=[46..=92] (start_discs=4, goal_discs=50)
[info][goal=469] this goal has 2 symmetric candidate(s) (from all 8 symmetries)
UNSAT
[info][goal=469] range=46..=92 symmetry=0 vars=457554 clauses=4475063
[info][goal=566] trying goal symmetry=1
[info][goal=566] range=45..=90 symmetry=1 vars=447610 clauses=4377786
[info][goal=531] trying goal symmetry=1
[info][goal=531] range=48..=96 symmetry=1 vars=477442 clauses=4669617
[info][goal=562] build single CNF with h=[41..=82] (start_discs=4, goal_discs=45)
[info][goal=562] this goal has 2 symmetric candidate(s) (from all 8 symmetries)
UNKNOWN
[info][goal=562] range=41..=82 symmetry=0 vars=407834 clauses=3988678
[info][goal=469] trying goal symmetry=1
[info][goal=469] range=46..=92 symmetry=1 vars=457554 clauses=4475063
[info][goal=562] trying goal symmetry=1
[info][goal=562] range=41..=82 symmetry=1 vars=407834 clauses=3988678
[info][goal=482] build single CNF with h=[47..=94] (start_discs=4, goal_discs=51)
[info][goal=482] this goal has 2 symmetric candidate(s) (from all 8 symmetries)
UNKNOWN
[info][goal=482] range=47..=94 symmetry=0 vars=467498 clauses=4572340
[info][goal=475] trying goal symmetry=1
[info][goal=475] range=44..=88 symmetry=1 vars=437666 clauses=4280509
[info][goal=561] trying goal symmetry=1
[info][goal=561] range=49..=98 symmetry=1 vars=487386 clauses=4766894
[info][goal=485] build single CNF with h=[47..=94] (start_discs=4, goal_discs=51)
[info][goal=485] this goal has 2 symmetric candidate(s) (from all 8 symmetries)
UNSAT
[info][goal=485] range=47..=94 symmetry=0 vars=467498 clauses=4572340
[info][goal=494] build single CNF with h=[44..=88] (start_discs=4, goal_discs=48)
[info][goal=494] this goal has 2 symmetric candidate(s) (from all 8 symmetries)
UNSAT
[info][goal=494] range=44..=88 symmetry=0 vars=437666 clauses=4280509
[info][goal=486] build single CNF with h=[48..=96] (start_discs=4, goal_discs=52)
[info][goal=486] this goal has 2 symmetric candidate(s) (from all 8 symmetries)
UNSAT
[info][goal=486] range=48..=96 symmetry=0 vars=477442 clauses=4669617
[info][goal=564] trying goal symmetry=1
[info][goal=564] range=49..=98 symmetry=1 vars=487386 clauses=4766894
[info][goal=476] build single CNF with h=[42..=84] (start_discs=4, goal_discs=46)
[info][goal=476] this goal has 2 symmetric candidate(s) (from all 8 symmetries)
UNKNOWN
[info][goal=476] range=42..=84 symmetry=0 vars=417778 clauses=4085955
[info][goal=247] build single CNF with h=[45..=90] (start_discs=4, goal_discs=49)
[info][goal=247] this goal has 2 symmetric candidate(s) (from all 8 symmetries)
UNKNOWN
[info][goal=247] range=45..=90 symmetry=0 vars=447610 clauses=4377786
[info][goal=482] trying goal symmetry=1
[info][goal=482] range=47..=94 symmetry=1 vars=467498 clauses=4572340
[info][goal=476] trying goal symmetry=1
[info][goal=476] range=42..=84 symmetry=1 vars=417778 clauses=4085955
[info][goal=494] trying goal symmetry=1
[info][goal=494] range=44..=88 symmetry=1 vars=437666 clauses=4280509
[info][goal=487] build single CNF with h=[42..=84] (start_discs=4, goal_discs=46)
[info][goal=487] this goal has 2 symmetric candidate(s) (from all 8 symmetries)
UNKNOWN
[info][goal=487] range=42..=84 symmetry=0 vars=417778 clauses=4085955
[info][goal=477] build single CNF with h=[47..=94] (start_discs=4, goal_discs=51)
[info][goal=477] this goal has 2 symmetric candidate(s) (from all 8 symmetries)
UNKNOWN
[info][goal=477] range=47..=94 symmetry=0 vars=467498 clauses=4572340
[info][goal=247] trying goal symmetry=1
[info][goal=247] range=45..=90 symmetry=1 vars=447610 clauses=4377786
[info][goal=495] build single CNF with h=[44..=88] (start_discs=4, goal_discs=48)
[info][goal=495] this goal has 2 symmetric candidate(s) (from all 8 symmetries)
UNSAT
[info][goal=495] range=44..=88 symmetry=0 vars=437666 clauses=4280509
[info][goal=487] trying goal symmetry=1
[info][goal=487] range=42..=84 symmetry=1 vars=417778 clauses=4085955
[info][goal=478] build single CNF with h=[43..=86] (start_discs=4, goal_discs=47)
[info][goal=478] this goal has 2 symmetric candidate(s) (from all 8 symmetries)
UNSAT
[info][goal=478] range=43..=86 symmetry=0 vars=427722 clauses=4183232
[info][goal=486] trying goal symmetry=1
[info][goal=486] range=48..=96 symmetry=1 vars=477442 clauses=4669617
[info][goal=496] build single CNF with h=[44..=88] (start_discs=4, goal_discs=48)
[info][goal=496] this goal has 2 symmetric candidate(s) (from all 8 symmetries)
UNSAT
[info][goal=496] range=44..=88 symmetry=0 vars=437666 clauses=4280509
UNSAT
UNSAT
UNSAT
UNSAT
[info][goal=495] trying goal symmetry=1
[info][goal=495] range=44..=88 symmetry=1 vars=437666 clauses=4280509
[info][goal=496] trying goal symmetry=1
[info][goal=496] range=44..=88 symmetry=1 vars=437666 clauses=4280509
UNKNOWN
[info][goal=478] trying goal symmetry=1
[info][goal=478] range=43..=86 symmetry=1 vars=427722 clauses=4183232
UNSAT
UNSAT
UNSAT
UNSAT
[info][goal=567] trying goal symmetry=1
[info][goal=567] range=47..=94 symmetry=1 vars=467498 clauses=4572340
UNKNOWN
[info][goal=485] trying goal symmetry=1
[info][goal=485] range=47..=94 symmetry=1 vars=467498 clauses=4572340
UNKNOWN
UNKNOWN
[info][goal=477] trying goal symmetry=1
[info][goal=477] range=47..=94 symmetry=1 vars=467498 clauses=4572340
UNSAT
[477] SAT (H=47)
[477] Record: F5D6C4F3D3F4G2D2C2F2D7D8G4H1F1G5H6B3G6B2C6G3D1E1G1B7C5G7H3B5B6A6F6E3A8F7A5C7H8A7F8E7B1C3A1A2A4
UNKNOWN
        Command being timed: "target/release/layer_sat -o result/thesis_layer_sat --from-initial --goal-file result/thesis_layer_sat/lp_OK.txt --sat-timeout-secs 600 --verbose --check-symmetry --parallel-goals 15"
        User time (seconds): 236835.67
        System time (seconds): 308.42
        Percent of CPU this job got: 1447%
        Elapsed (wall clock) time (h:mm:ss or m:ss): 4:33:01
        Average shared text size (kbytes): 0
        Average unshared data size (kbytes): 0
        Average stack size (kbytes): 0
        Average total size (kbytes): 0
        Maximum resident set size (kbytes): 8752772
        Average resident set size (kbytes): 0
        Major (requiring I/O) page faults: 0
        Minor (reclaiming a frame) page faults: 20546986
        Voluntary context switches: 12154
        Involuntary context switches: 1228915
        Swaps: 0
        File system inputs: 0
        File system outputs: 4328
        Socket messages sent: 0
        Socket messages received: 0
        Signals delivered: 0
        Page size (bytes): 4096
